HH000703,-5,import,2045332
HH000703,-5,import,1577581
HH000703,-5,import,1663372
HH000703,-5,import,3517267
HH000703,-5,import,3302373
HH000703,-5,import,1807223
HH000703,-5,import,1562475
HH000703,-5,import,2468530
HH000703,-5,import,1522285
HH000703,-5,import,1597761
HH000703,-5,import,1541420
HH000703,-5,import,1477277
HH000703,-5,__import__,1368961
HH000703,-5,__import__,2025380
HH000703,-5,__import__,1304683
HH000703,-5,__import__,3322470
HH000703,-5,__import__,1162517
HH000703,-5,__import__,2443703
HH000703,-5,__import__,1200118
HH000703,-5,__import__,1714092
HH000703,-5,__import__,2647745
HH000703,-5,__import__,1617674
HH000703,-5,__import__,1765906
HH000703,-5,__import__,1534115
HH000703,-5,__import__ + getattr,1673526
HH000703,-5,__import__ + getattr,1448318
HH000703,-5,__import__ + getattr,1610454
HH000703,-5,__import__ + getattr,2424130
HH000703,-5,__import__ + getattr,1281644
HH000703,-5,__import__ + getattr,2590581
HH000703,-5,__import__ + getattr,1321591
HH000703,-5,__import__ + getattr,1112572
HH000703,-5,__import__ + getattr,1269247
HH000703,-5,__import__ + getattr,1490993
HH000703,-5,__import__ + getattr,1469416
HH000703,-5,__import__ + getattr,1226930
HH000703,-15,import,3191510
HH000703,-15,import,2166457
HH000703,-15,import,1998611
HH000703,-15,import,1309793
HH000703,-15,import,1400042
HH000703,-15,import,1905860
HH000703,-15,import,1409910
HH000703,-15,import,1525607
HH000703,-15,import,1807958
HH000703,-15,import,1582318
HH000703,-15,import,1552864
HH000703,-15,import,1494378
HH000703,-15,import,1391555
HH000703,-15,import,2485117
HH000703,-15,import,2220775
HH000703,-15,import,2127871
HH000703,-15,import,1680073
HH000703,-15,import,1487060
HH000703,-15,import,1216971
HH000703,-15,import,1636271
HH000703,-15,import,1590083
HH000703,-15,import,1848655
HH000703,-15,import,2661172
HH000703,-15,import,1206708
HH000703,-15,import,1528123
HH000703,-15,import,1219945
HH000703,-15,import,3357361
HH000703,-15,import,1322198
HH000703,-15,import,1350853
HH000703,-15,import,2146937
HH000703,-15,import,2567014
HH000703,-15,import,1264846
HH000703,-15,import,1632604
HH000703,-15,import,2588815
HH000703,-15,import,1172294
HH000703,-15,import,1250718
HH000703,-15,import,1300606
HH000703,-15,import,2233309
HH000703,-15,import,2339276
HH000703,-15,import,1295736
HH000703,-15,import,1814747
HH000703,-15,import,2766460
HH000703,-15,import,1255536
HH000703,-15,import,1841618
HH000703,-15,import,2196233
HH000703,-15,import,1300410
HH000703,-15,import,1086430
HH000703,-15,import,1726824
HH000703,-15,import,2758977
HH000703,-15,import,1340563
HH000703,-15,import,1484963
HH000703,-15,import,1462574
HH000703,-15,import,2579761
HH000703,-15,import,1440309
HH000703,-15,import,1580623
HH000703,-15,import,1819685
HH000703,-15,import,1495878
HH000703,-15,import,1267468
HH000703,-15,import,1403563
HH000703,-15,import,2446038
HH000703,-15,import,2285471
HH000703,-15,import,3353710
HH000703,-15,import,1622591
HH000703,-15,import,3513129
HH000703,-15,import,1443083
HH000703,-15,import,1318878
HH000703,-15,import,2954190
HH000703,-15,import,1660105
HH000703,-15,import,2236558
HH000703,-15,import,1785483
HH000703,-15,import,2010949
HH000703,-15,import,1575604
HH000703,-15,import,2365293
HH000703,-15,import,1600408
HH000703,-15,import,1139208
HH000703,-15,import,1933510
HH000703,-15,import,2412854
HH000703,-15,import,1381587
HH000703,-15,import,3391824
HH000703,-15,import,2752547
HH000703,-15,import,2357568
HH000703,-15,import,2402134
HH000703,-15,import,2334450
HH000703,-15,import,1230947
HH000703,-15,import,1552200
HH000703,-15,import,1938814
HH000703,-15,import,1930868
HH000703,-15,import,1077181
HH000703,-15,import,2051252
HH000703,-15,import,1938181
HH000703,-15,import,2761274
HH000703,-15,import,1995878
HH000703,-15,import,2684586
HH000703,-15,import,2085053
HH000703,-15,import,1154976
HH000703,-15,import,1154408
HH000703,-15,import,2561252
HH000703,-15,import,1944324
HH000703,-15,import,2311722
HH000703,-15,import,2263815
HH000703,-15,import,1647198
HH000703,-15,import,2475336
HH000703,-15,import,1183546
HH000703,-15,import,2526920
HH000703,-15,import,2025853
HH000703,-15,import,2661454
HH000703,-15,import,3025988
HH000703,-15,import,2915512
HH000703,-15,import,1929176
HH000703,-15,import,2235089
HH000703,-15,import,1543317
HH000703,-15,import,2060807
HH000703,-15,import,2672213
HH000703,-15,import,2229374
HH000703,-15,import,3507582
HH000703,-15,import,1842208
HH000703,-15,import,2551539
HH000703,-15,import,1453527
HH000703,-15,import,2204221
HH000703,-15,import,2188887
HH000703,-15,import,3055919
HH000703,-15,import,1329499
HH000703,-15,import,2056770
HH000703,-15,__import__,2635613
HH000703,-15,__import__,2460072
HH000703,-15,__import__,3600937
HH000703,-15,__import__,2677447
HH000703,-15,__import__,1275076
HH000703,-15,__import__,1986738
HH000703,-15,__import__,2672745
HH000703,-15,__import__,2525443
HH000703,-15,__import__,4323331
HH000703,-15,__import__,1871724
HH000703,-15,__import__,3697995
HH000703,-15,__import__,1899363
HH000703,-15,__import__,1250158
HH000703,-15,__import__,3104179
HH000703,-15,__import__,2782541
HH000703,-15,__import__,7757887
HH000703,-15,__import__,2209272
HH000703,-15,__import__,1761794
HH000703,-15,__import__,2444653
HH000703,-15,__import__,3166316
HH000703,-15,__import__,1804300
HH000703,-15,__import__,1244921
HH000703,-15,__import__,1539843
HH000703,-15,__import__,1386061
HH000703,-15,__import__,2027983
HH000703,-15,__import__,2972663
HH000703,-15,__import__,2195066
HH000703,-15,__import__,1395329
HH000703,-15,__import__,1985015
HH000703,-15,__import__,3041956
HH000703,-15,__import__,2218531
HH000703,-15,__import__,3631165
HH000703,-15,__import__,2379661
HH000703,-15,__import__,1405800
HH000703,-15,__import__,1317347
HH000703,-15,__import__,2033637
HH000703,-15,__import__,1715036
HH000703,-15,__import__,2170905
HH000703,-15,__import__,2918534
HH000703,-15,__import__,2329527
HH000703,-15,__import__,3051471
HH000703,-15,__import__,3038782
HH000703,-15,__import__,3139000
HH000703,-15,__import__,2462061
HH000703,-15,__import__,1400930
HH000703,-15,__import__,2799838
HH000703,-15,__import__,2152659
HH000703,-15,__import__,2738683
HH000703,-15,__import__,1512815
HH000703,-15,__import__,2193794
HH000703,-15,__import__,2223047
HH000703,-15,__import__,1548523
HH000703,-15,__import__,1638056
HH000703,-15,__import__,1885562
HH000703,-15,__import__,2862881
HH000703,-15,__import__,1582131
HH000703,-15,__import__,1772380
HH000703,-15,__import__,1478840
HH000703,-15,__import__,1393124
HH000703,-15,__import__,1509130
HH000703,-15,__import__,1545754
HH000703,-15,__import__,2508148
HH000703,-15,__import__,1282730
HH000703,-15,__import__,2341412
HH000703,-15,__import__,2442261
HH000703,-15,__import__,1935175
HH000703,-15,__import__,1964678
HH000703,-15,__import__,1648205
HH000703,-15,__import__,1537915
HH000703,-15,__import__,1124614
HH000703,-15,__import__,1181976
HH000703,-15,__import__,2204065
HH000703,-15,__import__,2125813
HH000703,-15,__import__,1437369
HH000703,-15,__import__,1162635
HH000703,-15,__import__,2846732
HH000703,-15,__import__,1228835
HH000703,-15,__import__,1712791
HH000703,-15,__import__,1789830
HH000703,-15,__import__,2753319
HH000703,-15,__import__,2452153
HH000703,-15,__import__,2184642
HH000703,-15,__import__,1406524
HH000703,-15,__import__,1412359
HH000703,-15,__import__,1446546
HH000703,-15,__import__,1699202
HH000703,-15,__import__,1399516
HH000703,-15,__import__,3131926
HH000703,-15,__import__,1450583
HH000703,-15,__import__,1532711
HH000703,-15,__import__,2192502
HH000703,-15,__import__,1201151
HH000703,-15,__import__,3121362
HH000703,-15,__import__,1390660
HH000703,-15,__import__,1321604
HH000703,-15,__import__,2224853
HH000703,-15,__import__,1731836
HH000703,-15,__import__,1774858
HH000703,-15,__import__,1879783
HH000703,-15,__import__,3009497
HH000703,-15,__import__,1544718
HH000703,-15,__import__,3647773
HH000703,-15,__import__,1440154
HH000703,-15,__import__,1882340
HH000703,-15,__import__,1409239
HH000703,-15,__import__,3157612
HH000703,-15,__import__,1243976
HH000703,-15,__import__,1877007
HH000703,-15,__import__,1250348
HH000703,-15,__import__,1664289
HH000703,-15,__import__,1351186
HH000703,-15,__import__,1547086
HH000703,-15,__import__,3312142
HH000703,-15,__import__,1677806
HH000703,-15,__import__,1684561
HH000703,-15,__import__,2343197
HH000703,-15,__import__,2634119
HH000703,-15,__import__,2128071
HH000703,-15,__import__,1171188
HH000703,-15,__import__,1175645
HH000703,-15,__import__,1662225
HH000703,-15,__import__,1166213
HH000703,-15,__import__,1364037
HH000703,-15,__import__ + getattr,1584066
HH000703,-15,__import__ + getattr,1780008
HH000703,-15,__import__ + getattr,1274496
HH000703,-15,__import__ + getattr,1271717
HH000703,-15,__import__ + getattr,2906611
HH000703,-15,__import__ + getattr,1171613
HH000703,-15,__import__ + getattr,1508558
HH000703,-15,__import__ + getattr,1201991
HH000703,-15,__import__ + getattr,1417349
HH000703,-15,__import__ + getattr,2476376
HH000703,-15,__import__ + getattr,1857283
HH000703,-15,__import__ + getattr,1226826
HH000703,-15,__import__ + getattr,1584938
HH000703,-15,__import__ + getattr,2694201
HH000703,-15,__import__ + getattr,1686319
HH000703,-15,__import__ + getattr,1587908
HH000703,-15,__import__ + getattr,2995388
HH000703,-15,__import__ + getattr,1208793
HH000703,-15,__import__ + getattr,1431814
HH000703,-15,__import__ + getattr,2282670
HH000703,-15,__import__ + getattr,7026697
HH000703,-15,__import__ + getattr,1332656
HH000703,-15,__import__ + getattr,1632537
HH000703,-15,__import__ + getattr,1337423
HH000703,-15,__import__ + getattr,2360802
HH000703,-15,__import__ + getattr,1746015
HH000703,-15,__import__ + getattr,3307557
HH000703,-15,__import__ + getattr,1948479
HH000703,-15,__import__ + getattr,1282848
HH000703,-15,__import__ + getattr,1633535
HH000703,-15,__import__ + getattr,2564698
HH000703,-15,__import__ + getattr,1422617
HH000703,-15,__import__ + getattr,1488020
HH000703,-15,__import__ + getattr,1237938
HH000703,-15,__import__ + getattr,2121896
HH000703,-15,__import__ + getattr,1721982
HH000703,-15,__import__ + getattr,1850929
HH000703,-15,__import__ + getattr,1789629
HH000703,-15,__import__ + getattr,1583453
HH000703,-15,__import__ + getattr,3108566
HH000703,-15,__import__ + getattr,1394717
HH000703,-15,__import__ + getattr,1566768
HH000703,-15,__import__ + getattr,1379074
HH000703,-15,__import__ + getattr,1165016
HH000703,-15,__import__ + getattr,1169918
HH000703,-15,__import__ + getattr,1705075
HH000703,-15,__import__ + getattr,1898514
HH000703,-15,__import__ + getattr,2441445
HH000703,-15,__import__ + getattr,1883446
HH000703,-15,__import__ + getattr,1742062
HH000703,-15,__import__ + getattr,1577394
HH000703,-15,__import__ + getattr,1805017
HH000703,-15,__import__ + getattr,2289997
HH000703,-15,__import__ + getattr,2133678
HH000703,-15,__import__ + getattr,1395034
HH000703,-15,__import__ + getattr,1783161
HH000703,-15,__import__ + getattr,1432988
HH000703,-15,__import__ + getattr,1267268
HH000703,-15,__import__ + getattr,1490457
HH000703,-15,__import__ + getattr,1283932
HH000703,-15,__import__ + getattr,2561232
HH000703,-15,__import__ + getattr,2496252
HH000703,-15,__import__ + getattr,1140342
HH000703,-15,__import__ + getattr,4405781
HH000703,-15,__import__ + getattr,2554698
HH000703,-15,__import__ + getattr,1813535
HH000703,-15,__import__ + getattr,1310160
HH000703,-15,__import__ + getattr,1665877
HH000703,-15,__import__ + getattr,1420118
HH000703,-15,__import__ + getattr,2855955
HH000703,-15,__import__ + getattr,1208950
HH000703,-15,__import__ + getattr,1477034
HH000703,-15,__import__ + getattr,2391245
HH000703,-15,__import__ + getattr,2506552
HH000703,-15,__import__ + getattr,1252675
HH000703,-15,__import__ + getattr,1275430
HH000703,-15,__import__ + getattr,3766817
HH000703,-15,__import__ + getattr,2402703
HH000703,-15,__import__ + getattr,1419010
HH000703,-15,__import__ + getattr,1867351
HH000703,-15,__import__ + getattr,2122417
HH000703,-15,__import__ + getattr,1343978
HH000703,-15,__import__ + getattr,2388178
HH000703,-15,__import__ + getattr,1231576
HH000703,-15,__import__ + getattr,3112426
HH000703,-15,__import__ + getattr,2109323
HH000703,-15,__import__ + getattr,3012494
HH000703,-15,__import__ + getattr,2349916
HH000703,-15,__import__ + getattr,1761500
HH000703,-15,__import__ + getattr,1414032
HH000703,-15,__import__ + getattr,2248219
HH000703,-15,__import__ + getattr,1510822
HH000703,-15,__import__ + getattr,1376093
HH000703,-15,__import__ + getattr,1951763
HH000703,-15,__import__ + getattr,2163584
HH000703,-15,__import__ + getattr,1639548
HH000703,-15,__import__ + getattr,1356408
HH000703,-15,__import__ + getattr,2111399
HH000703,-15,__import__ + getattr,2856564
HH000703,-15,__import__ + getattr,2805452
HH000703,-15,__import__ + getattr,1400196
HH000703,-15,__import__ + getattr,1269581
HH000703,-15,__import__ + getattr,1300290
HH000703,-15,__import__ + getattr,1403614
HH000703,-15,__import__ + getattr,1321861
HH000703,-15,__import__ + getattr,3073866
HH000703,-15,__import__ + getattr,1392353
HH000703,-15,__import__ + getattr,1283649
HH000703,-15,__import__ + getattr,2100337
HH000703,-15,__import__ + getattr,2407632
HH000703,-15,__import__ + getattr,1273387
HH000703,-15,__import__ + getattr,1683529
HH000703,-15,__import__ + getattr,2693692
HH000703,-15,__import__ + getattr,1334889
HH000703,-15,__import__ + getattr,2248764
HH000703,-15,__import__ + getattr,1199293
HH000703,-15,__import__ + getattr,1460209
HH000703,-15,__import__ + getattr,1275875
HH000703,-15,__import__ + getattr,3272417
HH000703,-15,__import__ + getattr,1350829
HH000703,-15,__import__ + getattr,1341425
HH000703,-15,__import__ + getattr,2599362
HH000703,-15,__import__ + getattr,1957329
HH000703,-10,import,1237382
HH000703,-10,import,1081100
HH000703,-10,import,1265316
HH000703,-10,import,2242620
HH000703,-10,import,1062800
HH000703,-10,import,1983298
HH000703,-10,import,2997849
HH000703,-10,import,1694087
HH000703,-10,import,1200343
HH000703,-10,import,1917391
HH000703,-10,import,1254359
HH000703,-10,import,1880369
HH000703,-10,import,1560973
HH000703,-10,import,1407791
HH000703,-10,import,1766415
HH000703,-10,import,2206596
HH000703,-10,import,2260018
HH000703,-10,import,1281974
HH000703,-10,import,1345316
HH000703,-10,import,1445832
HH000703,-10,import,3179920
HH000703,-10,import,2250608
HH000703,-10,import,2044380
HH000703,-10,import,2078098
HH000703,-10,import,1296551
HH000703,-10,import,1235472
HH000703,-10,import,1761186
HH000703,-10,import,2516670
HH000703,-10,import,3771926
HH000703,-10,import,1444223
HH000703,-10,import,1596794
HH000703,-10,import,1265784
HH000703,-10,import,1444877
HH000703,-10,import,2090866
HH000703,-10,import,1298860
HH000703,-10,import,1316485
HH000703,-10,import,1803352
HH000703,-10,import,2251252
HH000703,-10,import,1837820
HH000703,-10,import,2077857
HH000703,-10,import,1878946
HH000703,-10,import,1651035
HH000703,-10,import,1575630
HH000703,-10,import,1427415
HH000703,-10,import,1352143
HH000703,-10,import,4154035
HH000703,-10,import,1203371
HH000703,-10,import,1558844
HH000703,-10,import,1194793
HH000703,-10,import,1401695
HH000703,-10,import,1690635
HH000703,-10,import,1959200
HH000703,-10,import,1293974
HH000703,-10,import,3069848
HH000703,-10,import,1291940
HH000703,-10,import,2342330
HH000703,-10,import,1398806
HH000703,-10,import,1332218
HH000703,-10,import,1317312
HH000703,-10,import,2097444
HH000703,-10,import,2302105
HH000703,-10,import,1538991
HH000703,-10,import,2051555
HH000703,-10,import,1434244
HH000703,-10,import,1510011
HH000703,-10,import,1535843
HH000703,-10,import,2427327
HH000703,-10,import,1254092
HH000703,-10,import,2104433
HH000703,-10,import,1335730
HH000703,-10,import,1467817
HH000703,-10,import,1811304
HH000703,-10,import,1748781
HH000703,-10,import,1286185
HH000703,-10,import,1980860
HH000703,-10,import,3193415
HH000703,-10,import,3697834
HH000703,-10,import,3174667
HH000703,-10,import,2000705
HH000703,-10,import,1795696
HH000703,-10,import,1520437
HH000703,-10,import,1899111
HH000703,-10,import,3331718
HH000703,-10,import,1564720
HH000703,-10,import,1902764
HH000703,-10,import,3138638
HH000703,-10,import,1892005
HH000703,-10,import,1917298
HH000703,-10,import,2311086
HH000703,-10,import,1784257
HH000703,-10,import,2057991
HH000703,-10,import,2234398
HH000703,-10,import,4076616
HH000703,-10,import,2988998
HH000703,-10,import,2804598
HH000703,-10,import,3732310
HH000703,-10,import,6346585
HH000703,-10,import,5915832
HH000703,-10,import,2682067
HH000703,-10,import,5737739
HH000703,-10,import,4567131
HH000703,-10,import,4617727
HH000703,-10,import,2578066
HH000703,-10,import,1999828
HH000703,-10,import,2040984
HH000703,-10,import,2430159
HH000703,-10,import,2791354
HH000703,-10,import,1812194
HH000703,-10,import,2028182
HH000703,-10,import,1441778
HH000703,-10,import,2283294
HH000703,-10,import,1556250
HH000703,-10,import,2580680
HH000703,-10,import,3052363
HH000703,-10,import,1646382
HH000703,-10,import,1633917
HH000703,-10,import,1177661
HH000703,-10,import,1705819
HH000703,-10,import,1309193
HH000703,-10,import,1808114
HH000703,-10,import,1643179
HH000703,-10,import,1385591
HH000703,-10,import,2580635
HH000703,-10,import,2010550
HH000703,-10,import,1538115
HH000703,-10,import,1442410
HH000703,-10,import,1287173
HH000703,-10,import,1697189
HH000703,-10,import,1596579
HH000703,-10,import,3007948
HH000703,-10,import,2718774
HH000703,-10,import,2540654
HH000703,-10,import,4031584
HH000703,-10,import,3031703
HH000703,-10,import,2439608
HH000703,-10,import,1686464
HH000703,-10,import,1756431
HH000703,-10,import,2166554
HH000703,-10,import,1598248
HH000703,-10,import,1848284
HH000703,-10,import,1906953
HH000703,-10,import,2349726
HH000703,-10,import,3854711
HH000703,-10,import,3986639
HH000703,-10,import,2626343
HH000703,-10,import,2061039
HH000703,-10,import,1824360
HH000703,-10,import,3301912
HH000703,-10,import,1660580
HH000703,-10,import,3702615
HH000703,-10,import,2820791
HH000703,-10,import,1471801
HH000703,-10,import,1465089
HH000703,-10,import,5801888
HH000703,-10,import,3653760
HH000703,-10,import,1591401
HH000703,-10,import,3963864
HH000703,-10,import,2866796
HH000703,-10,import,2053993
HH000703,-10,import,6106222
HH000703,-10,import,7710879
HH000703,-10,import,7241943
HH000703,-10,import,8877688
HH000703,-10,import,4487649
HH000703,-10,import,3109014
HH000703,-10,import,6482893
HH000703,-10,import,6777918
HH000703,-10,import,5810989
HH000703,-10,import,8622467
HH000703,-10,import,13225011
HH000703,-10,import,6164578
HH000703,-10,import,3410461
HH000703,-10,import,3546460
HH000703,-10,import,4281960
HH000703,-10,import,2427370
HH000703,-10,import,2299218
HH000703,-10,import,1715058
HH000703,-10,import,1986335
HH000703,-10,import,1891931
HH000703,-10,import,3847123
HH000703,-10,import,2181333
HH000703,-10,import,1812093
HH000703,-10,import,2230998
HH000703,-10,import,3891341
HH000703,-10,import,4046400
HH000703,-10,import,3394722
HH000703,-10,import,2378972
HH000703,-10,import,2851632
HH000703,-10,import,1827489
HH000703,-10,import,3311410
HH000703,-10,import,4162743
HH000703,-10,import,15174042
HH000703,-10,import,2434866
HH000703,-10,import,4674315
HH000703,-10,import,15496033
HH000703,-10,import,2875500
HH000703,-10,import,3477846
HH000703,-10,import,4248294
HH000703,-10,import,7325082
HH000703,-10,import,1977867
HH000703,-10,import,5225229
HH000703,-10,import,1639492
HH000703,-10,import,4418299
HH000703,-10,import,3908715
HH000703,-10,import,3468243
HH000703,-10,import,2851027
HH000703,-10,import,3244235
HH000703,-10,import,2115257
HH000703,-10,import,2094549
HH000703,-10,import,2080732
HH000703,-10,import,1694074
HH000703,-10,import,2022921
HH000703,-10,import,1709145
HH000703,-10,import,2038565
HH000703,-10,import,3394577
HH000703,-10,import,2980260
HH000703,-10,import,1683946
HH000703,-10,import,2049303
HH000703,-10,import,4831496
HH000703,-10,import,2015533
HH000703,-10,import,1634346
HH000703,-10,import,1845813
HH000703,-10,import,2868622
HH000703,-10,import,1796754
HH000703,-10,import,4122365
HH000703,-10,import,4188770
HH000703,-10,import,1859670
HH000703,-10,import,2098376
HH000703,-10,import,2550294
HH000703,-10,import,4016392
HH000703,-10,import,4652610
HH000703,-10,import,2214166
HH000703,-10,import,1759186
HH000703,-10,import,2126952
HH000703,-10,import,1626504
HH000703,-10,import,1481390
HH000703,-10,import,1326295
HH000703,-10,import,1423574
HH000703,-10,import,3193090
HH000703,-10,import,2982878
HH000703,-10,import,1343814
HH000703,-10,import,1732418
HH000703,-10,import,2584500
HH000703,-10,import,1333867
HH000703,-10,import,3100973
HH000703,-10,import,2156653
HH000703,-10,import,2302271
HH000703,-10,import,8853028
HH000703,-10,import,3543336
HH000703,-10,import,14665169
HH000703,-10,import,6406127
HH000703,-10,import,3320995
HH000703,-10,import,2688346
HH000703,-10,import,4055313
HH000703,-10,import,7624613
HH000703,-10,import,13124996
HH000703,-10,import,2526441
HH000703,-10,import,1905762
HH000703,-10,import,8834799
HH000703,-10,import,2187452
HH000703,-10,import,3221148
HH000703,-10,import,2436303
HH000703,-10,import,14294307
HH000703,-10,import,4816937
HH000703,-10,import,3597862
HH000703,-10,import,1698569
HH000703,-10,import,1796367
HH000703,-10,import,2130477
HH000703,-10,import,1817949
HH000703,-10,import,1775664
HH000703,-10,import,2100520
HH000703,-10,import,3462565
HH000703,-10,import,2742365
HH000703,-10,import,1232474
HH000703,-10,import,2203326
HH000703,-10,import,2681403
HH000703,-10,import,2219969
HH000703,-10,import,2564968
HH000703,-10,import,1642369
HH000703,-10,import,1279951
HH000703,-10,import,1998688
HH000703,-10,import,2465256
HH000703,-10,import,3444501
HH000703,-10,import,1764892
HH000703,-10,import,2814446
HH000703,-10,import,1952230
HH000703,-10,import,1284881
HH000703,-10,import,2969997
HH000703,-10,import,1256102
HH000703,-10,import,1360128
HH000703,-10,import,1175841
HH000703,-10,import,2429244
HH000703,-10,import,3235930
HH000703,-10,import,2883528
HH000703,-10,import,1488654
HH000703,-10,import,2179152
HH000703,-10,import,2767049
HH000703,-10,import,1478446
HH000703,-10,import,1440504
HH000703,-10,import,2563301
HH000703,-10,import,1630852
HH000703,-10,import,2038644
HH000703,-10,import,2006100
HH000703,-10,import,3022252
HH000703,-10,import,2756654
HH000703,-10,import,1287569
HH000703,-10,import,1271564
HH000703,-10,import,1837996
HH000703,-10,import,1100360
HH000703,-10,import,2832964
HH000703,-10,import,1281311
HH000703,-10,import,2297447
HH000703,-10,import,1111507
HH000703,-10,import,1702414
HH000703,-10,import,1293017
HH000703,-10,import,1573938
HH000703,-10,import,2498687
HH000703,-10,import,1718364
HH000703,-10,import,3102152
HH000703,-10,import,1147314
HH000703,-10,import,3129364
HH000703,-10,import,2393786
HH000703,-10,import,1440454
HH000703,-10,import,2472110
HH000703,-10,import,1830377
HH000703,-10,import,1357454
HH000703,-10,import,3181766
HH000703,-10,import,1618931
HH000703,-10,import,2671639
HH000703,-10,import,1435190
HH000703,-10,import,1194805
HH000703,-10,import,1184273
HH000703,-10,import,1433568
HH000703,-10,import,1411301
HH000703,-10,import,3010289
HH000703,-10,import,2654650
HH000703,-10,import,1221410
HH000703,-10,import,2125818
HH000703,-10,import,2039476
HH000703,-10,import,2838675
HH000703,-10,import,2420267
HH000703,-10,import,2626378
HH000703,-10,import,1186454
HH000703,-10,import,1401169
HH000703,-10,import,1456236
HH000703,-10,import,1568013
HH000703,-10,import,2704373
HH000703,-10,import,4042577
HH000703,-10,import,2424626
HH000703,-10,import,1317212
HH000703,-10,import,1827708
HH000703,-10,import,2105323
HH000703,-10,import,2811459
HH000703,-10,import,2234677
HH000703,-10,import,2116943
HH000703,-10,import,1744185
HH000703,-10,import,4647749
HH000703,-10,import,3835381
HH000703,-10,import,2899976
HH000703,-10,import,3067896
HH000703,-10,import,1715579
HH000703,-10,import,3120211
HH000703,-10,import,1718948
HH000703,-10,import,2400116
HH000703,-10,import,3221716
HH000703,-10,import,1299492
HH000703,-10,import,1753034
HH000703,-10,import,1994541
HH000703,-10,import,1591450
HH000703,-10,import,1256971
HH000703,-10,import,1167116
HH000703,-10,import,2768946
HH000703,-10,import,1457786
HH000703,-10,import,2622622
HH000703,-10,import,1705655
HH000703,-10,import,1250656
HH000703,-10,import,2574280
HH000703,-10,import,1728339
HH000703,-10,import,1469020
HH000703,-10,import,2969800
HH000703,-10,import,1526022
HH000703,-10,import,3277931
HH000703,-10,import,1412353
HH000703,-10,import,1244820
HH000703,-10,import,1488479
HH000703,-10,import,1338947
HH000703,-10,import,2366534
HH000703,-10,import,1175943
HH000703,-10,import,1588407
HH000703,-10,import,1893497
HH000703,-10,import,1879859
HH000703,-10,import,1344871
HH000703,-10,import,3344320
HH000703,-10,import,1726880
HH000703,-10,import,1429774
HH000703,-10,import,1463981
HH000703,-10,import,1907110
HH000703,-10,import,2557208
HH000703,-10,import,1547307
HH000703,-10,import,3076150
HH000703,-10,import,1395274
HH000703,-10,import,2100570
HH000703,-10,import,2277523
HH000703,-10,import,1905405
HH000703,-10,import,2933939
HH000703,-10,import,2206221
HH000703,-10,import,3926168
HH000703,-10,import,2620569
HH000703,-10,import,1725367
HH000703,-10,import,2465091
HH000703,-10,import,1466732
HH000703,-10,import,1496796
HH000703,-10,import,1471848
HH000703,-10,import,1250487
HH000703,-10,import,1821121
HH000703,-10,import,1966193
HH000703,-10,import,3467556
HH000703,-10,import,1398578
HH000703,-10,import,2537810
HH000703,-10,import,2207933
HH000703,-10,import,1259119
HH000703,-10,import,2459655
HH000703,-10,import,3302567
HH000703,-10,import,1418312
HH000703,-10,import,2907365
HH000703,-10,import,2790967
HH000703,-10,import,1208046
HH000703,-10,import,1125525
HH000703,-10,import,1354628
HH000703,-10,import,1231995
HH000703,-10,import,2799777
HH000703,-10,import,3475732
HH000703,-10,import,1423503
HH000703,-10,import,1539506
HH000703,-10,import,1147310
HH000703,-10,import,2105444
HH000703,-10,import,2724955
HH000703,-10,import,2759661
HH000703,-10,import,2861480
HH000703,-10,import,1667220
HH000703,-10,import,2792288
HH000703,-10,import,2964723
HH000703,-10,import,1635757
HH000703,-10,import,3165071
HH000703,-10,import,1855595
HH000703,-10,import,1570645
HH000703,-10,import,1523278
HH000703,-10,import,3205022
HH000703,-10,import,1310347
HH000703,-10,import,1395507
HH000703,-10,import,1214879
HH000703,-10,import,2563612
HH000703,-10,import,4285812
HH000703,-10,import,2055529
HH000703,-10,import,2605468
HH000703,-10,import,3064345
HH000703,-10,import,2508333
HH000703,-10,import,2090278
HH000703,-10,import,1465006
HH000703,-10,import,2355873
HH000703,-10,import,1656953
HH000703,-10,import,1306934
HH000703,-10,import,1627606
HH000703,-10,import,1702755
HH000703,-10,import,1264761
HH000703,-10,import,3370341
HH000703,-10,import,1593592
HH000703,-10,import,1510552
HH000703,-10,import,1605890
HH000703,-10,import,3210929
HH000703,-10,import,1997397
HH000703,-10,import,1782025
HH000703,-10,import,2290378
HH000703,-10,import,2679531
HH000703,-10,import,1329648
HH000703,-10,import,1405828
HH000703,-10,import,2717685
HH000703,-10,import,2340028
HH000703,-10,import,2604878
HH000703,-10,import,2473816
HH000703,-10,import,1734450
HH000703,-10,import,3065001
HH000703,-10,import,1543188
HH000703,-10,import,2701263
HH000703,-10,import,2114174
HH000703,-10,import,1200287
HH000703,-10,import,2829385
HH000703,-10,import,2223492
HH000703,-10,import,1649995
HH000703,-10,import,3460273
HH000703,-10,import,1380567
HH000703,-10,import,3307204
HH000703,-10,import,1791699
HH000703,-10,import,1519238
HH000703,-10,import,3737565
HH000703,-10,import,2538485
HH000703,-10,import,1514428
HH000703,-10,import,2885097
HH000703,-10,import,1471639
HH000703,-10,import,1355094
HH000703,-10,import,1199658
HH000703,-10,import,1201359
HH000703,-10,import,1653792
HH000703,-10,import,1309783
HH000703,-10,import,1749785
HH000703,-10,import,3358137
HH000703,-10,import,1742516
HH000703,-10,import,2362452
HH000703,-10,import,2456464
HH000703,-10,import,1385789
HH000703,-10,import,1811278
HH000703,-10,import,2834763
HH000703,-10,import,1199344
HH000703,-10,import,1508271
HH000703,-10,import,1729021
HH000703,-10,import,2836877
HH000703,-10,import,2345855
HH000703,-10,import,2624316
HH000703,-10,import,4640048
HH000703,-10,import,2543137
HH000703,-10,import,2659453
HH000703,-10,import,2295072
HH000703,-10,import,1681982
HH000703,-10,import,2442438
HH000703,-10,import,1445159
HH000703,-10,import,2428273
HH000703,-10,import,2015213
HH000703,-10,import,1497279
HH000703,-10,import,3998676
HH000703,-10,import,2431658
HH000703,-10,import,1291168
HH000703,-10,import,955245
HH000703,-10,import,1976456
HH000703,-10,import,2864014
HH000703,-10,import,3371412
HH000703,-10,import,2445107
HH000703,-10,import,1052066
HH000703,-10,import,997382
HH000703,-10,import,1313092
HH000703,-10,import,2737632
HH000703,-10,import,1727959
HH000703,-10,import,1284334
HH000703,-10,import,1468862
HH000703,-10,import,1752023
HH000703,-10,import,1293973
HH000703,-10,import,1310804
HH000703,-10,import,1959934
HH000703,-10,import,1399909
HH000703,-10,import,2709092
HH000703,-10,import,2573453
HH000703,-10,import,2029274
HH000703,-10,import,3126895
HH000703,-10,import,1356861
HH000703,-10,import,1495641
HH000703,-10,import,1283740
HH000703,-10,import,1272605
HH000703,-10,import,1498669
HH000703,-10,import,2314112
HH000703,-10,import,1126695
HH000703,-10,import,1515950
HH000703,-10,import,1663447
HH000703,-10,import,1011434
HH000703,-10,import,1106148
HH000703,-10,import,3695653
HH000703,-10,import,1800322
HH000703,-10,import,975118
HH000703,-10,import,2191022
HH000703,-10,import,2806474
HH000703,-10,import,2792791
HH000703,-10,import,4200941
HH000703,-10,import,2526227
HH000703,-10,import,2171729
HH000703,-10,import,2403195
HH000703,-10,import,3408083
HH000703,-10,import,13449507
HH000703,-10,import,4461884
HH000703,-10,import,3746923
HH000703,-10,import,1992522
HH000703,-10,import,1818859
HH000703,-10,import,3087171
HH000703,-10,import,4122780
HH000703,-10,import,4266706
HH000703,-10,import,1821123
HH000703,-10,import,3105049
HH000703,-10,import,1888166
HH000703,-10,import,2905730
HH000703,-10,import,3950251
HH000703,-10,import,1992308
HH000703,-10,import,6519382
HH000703,-10,import,1652565
HH000703,-10,import,1918325
HH000703,-10,import,2906449
HH000703,-10,import,2145918
HH000703,-10,import,1841347
HH000703,-10,import,1570129
HH000703,-10,import,1602275
HH000703,-10,import,1949441
HH000703,-10,import,5271436
HH000703,-10,import,1862843
HH000703,-10,import,2894107
HH000703,-10,import,3334687
HH000703,-10,import,3364022
HH000703,-10,import,2382683
HH000703,-10,import,3778848
HH000703,-10,import,2382521
HH000703,-10,import,2592479
HH000703,-10,import,3235145
HH000703,-10,import,3670920
HH000703,-10,import,1843008
HH000703,-10,import,3023105
HH000703,-10,import,2404646
HH000703,-10,import,2671893
HH000703,-10,import,3812909
HH000703,-10,import,3441856
HH000703,-10,import,2031612
HH000703,-10,import,1916082
HH000703,-10,import,2499239
HH000703,-10,import,3381363
HH000703,-10,import,4842130
HH000703,-10,import,3405416
HH000703,-10,import,2477623
HH000703,-10,import,4008655
HH000703,-10,import,3074460
HH000703,-10,import,1933840
HH000703,-10,import,1937882
HH000703,-10,import,2950043
HH000703,-10,import,3655731
HH000703,-10,import,1594558
HH000703,-10,import,2848053
HH000703,-10,import,1704506
HH000703,-10,import,2110267
HH000703,-10,import,2071008
HH000703,-10,import,2967472
HH000703,-10,import,1390692
HH000703,-10,import,1302704
HH000703,-10,import,1913976
HH000703,-10,import,1383337
HH000703,-10,import,2147806
HH000703,-10,import,1795925
HH000703,-10,import,1560236
HH000703,-10,import,2180041
HH000703,-10,import,1256229
HH000703,-10,import,1775028
HH000703,-10,import,2287396
HH000703,-10,import,2396033
HH000703,-10,import,1808443
HH000703,-10,import,1332005
HH000703,-10,import,1215456
HH000703,-10,import,3023362
HH000703,-10,import,1336902
HH000703,-10,import,3218789
HH000703,-10,import,1235475
HH000703,-10,import,1312325
HH000703,-10,import,1988685
HH000703,-10,import,1784989
HH000703,-10,import,1804658
HH000703,-10,import,1230226
HH000703,-10,import,3322940
HH000703,-10,import,1830650
HH000703,-10,import,1469666
HH000703,-10,import,1643699
HH000703,-10,import,3028311
HH000703,-10,import,2019845
HH000703,-10,import,2321673
HH000703,-10,import,1456923
HH000703,-10,import,15025011
HH000703,-10,import,5587886
HH000703,-10,import,5341492
HH000703,-10,import,5624580
HH000703,-10,import,6315956
HH000703,-10,import,3010988
HH000703,-10,import,1966291
HH000703,-10,import,4668962
HH000703,-10,import,4216245
HH000703,-10,import,4732894
HH000703,-10,import,2089144
HH000703,-10,import,2734063
HH000703,-10,import,1601689
HH000703,-10,import,1737582
HH000703,-10,import,1577072
HH000703,-10,import,2281880
HH000703,-10,import,2994862
HH000703,-10,import,1867049
HH000703,-10,import,2591825
HH000703,-10,import,2379009
HH000703,-10,import,1929097
HH000703,-10,import,3928113
HH000703,-10,import,3939272
HH000703,-10,import,1812616
HH000703,-10,import,3642450
HH000703,-10,import,6303308
HH000703,-10,import,3363003
HH000703,-10,import,1369054
HH000703,-10,import,1549969
HH000703,-10,import,1399606
HH000703,-10,import,2774214
HH000703,-10,import,1619790
HH000703,-10,import,1475029
HH000703,-10,import,2800632
HH000703,-10,import,1294665
HH000703,-10,import,2271657
HH000703,-10,import,1838064
HH000703,-10,import,1320447
HH000703,-10,import,1606208
HH000703,-10,import,2710894
HH000703,-10,import,1435586
HH000703,-10,import,1383285
HH000703,-10,import,1223452
HH000703,-10,import,1793026
HH000703,-10,import,1930201
HH000703,-10,import,1840355
HH000703,-10,import,2959407
HH000703,-10,import,2150069
HH000703,-10,import,1817665
HH000703,-10,import,1523803
HH000703,-10,import,2240930
HH000703,-10,import,1800757
HH000703,-10,import,1789269
HH000703,-10,import,2278475
HH000703,-10,import,2633022
HH000703,-10,import,3447135
HH000703,-10,import,1555377
HH000703,-10,import,1683290
HH000703,-10,import,1441874
HH000703,-10,import,2158045
HH000703,-10,import,1682104
HH000703,-10,import,2604285
HH000703,-10,import,2860735
HH000703,-10,import,2059714
HH000703,-10,import,1171311
HH000703,-10,import,1868472
HH000703,-10,import,2889176
HH000703,-10,import,1655514
HH000703,-10,import,1250608
HH000703,-10,import,1492128
HH000703,-10,import,1275186
HH000703,-10,import,2016995
HH000703,-10,import,3257413
HH000703,-10,import,1228006
HH000703,-10,import,1893231
HH000703,-10,import,3153171
HH000703,-10,import,1404829
HH000703,-10,import,2529067
HH000703,-10,import,1598739
HH000703,-10,import,1468644
HH000703,-10,import,1313398
HH000703,-10,import,1744499
HH000703,-10,import,1959673
HH000703,-10,import,1141034
HH000703,-10,import,1125879
HH000703,-10,import,2571485
HH000703,-10,import,1058341
HH000703,-10,import,2305617
HH000703,-10,import,1298504
HH000703,-10,import,2273143
HH000703,-10,import,2590739
HH000703,-10,import,1536575
HH000703,-10,import,1985293
HH000703,-10,import,2507176
HH000703,-10,import,1853549
HH000703,-10,import,1533732
HH000703,-10,import,2332348
HH000703,-10,import,2652161
HH000703,-10,import,3468586
HH000703,-10,import,2918097
HH000703,-10,import,2697154
HH000703,-10,import,1430150
HH000703,-10,import,2458103
HH000703,-10,import,2715764
HH000703,-10,import,1381822
HH000703,-10,import,1546995
HH000703,-10,import,1231651
HH000703,-10,import,1099906
HH000703,-10,import,975207
HH000703,-10,import,1232055
HH000703,-10,import,978166
HH000703,-10,import,1188319
HH000703,-10,import,1659638
HH000703,-10,import,1282675
HH000703,-10,import,1066466
HH000703,-10,import,1090628
HH000703,-10,import,1276876
HH000703,-10,import,1148499
HH000703,-10,import,1667623
HH000703,-10,import,942000
HH000703,-10,import,2923297
HH000703,-10,import,1957085
HH000703,-10,import,994994
HH000703,-10,import,1605384
HH000703,-10,import,1273558
HH000703,-10,import,1421428
HH000703,-10,import,2097360
HH000703,-10,import,2576745
HH000703,-10,import,2239870
HH000703,-10,import,1044008
HH000703,-10,import,2159802
HH000703,-10,import,1377569
HH000703,-10,import,1146259
HH000703,-10,import,1251680
HH000703,-10,import,1198148
HH000703,-10,import,1154898
HH000703,-10,import,2026144
HH000703,-10,import,1165918
HH000703,-10,import,1715045
HH000703,-10,import,1157312
HH000703,-10,import,1653861
HH000703,-10,import,1326927
HH000703,-10,import,2123541
HH000703,-10,import,1365661
HH000703,-10,import,2395175
HH000703,-10,import,2620746
HH000703,-10,import,1230530
HH000703,-10,import,1288082
HH000703,-10,import,1590079
HH000703,-10,import,1332795
HH000703,-10,import,1282156
HH000703,-10,import,969580
HH000703,-10,import,2539072
HH000703,-10,import,3560772
HH000703,-10,import,2876968
HH000703,-10,import,2000574
HH000703,-10,import,1397782
HH000703,-10,import,1572333
HH000703,-10,import,1442721
HH000703,-10,import,1218628
HH000703,-10,import,1071172
HH000703,-10,import,2328196
HH000703,-10,import,1314841
HH000703,-10,import,1140791
HH000703,-10,import,1556614
HH000703,-10,import,1910958
HH000703,-10,import,1601625
HH000703,-10,import,1945938
HH000703,-10,import,2049114
HH000703,-10,import,2125240
HH000703,-10,import,1866052
HH000703,-10,import,1409239
HH000703,-10,import,1079927
HH000703,-10,import,1134212
HH000703,-10,import,1876995
HH000703,-10,import,2872584
HH000703,-10,import,1290456
HH000703,-10,import,1440101
HH000703,-10,import,2928183
HH000703,-10,import,2488986
HH000703,-10,import,2385044
HH000703,-10,import,1568565
HH000703,-10,import,1384780
HH000703,-10,import,1390131
HH000703,-10,import,2192141
HH000703,-10,import,1228175
HH000703,-10,import,1151793
HH000703,-10,import,5198656
HH000703,-10,import,1773454
HH000703,-10,import,1261379
HH000703,-10,import,2578614
HH000703,-10,import,1644370
HH000703,-10,import,1886836
HH000703,-10,import,4312969
HH000703,-10,import,13599768
HH000703,-10,import,10607348
HH000703,-10,import,2951362
HH000703,-10,import,3420773
HH000703,-10,import,1799585
HH000703,-10,import,2360772
HH000703,-10,import,3327458
HH000703,-10,import,2205256
HH000703,-10,import,1919011
HH000703,-10,import,2417006
HH000703,-10,import,1440354
HH000703,-10,import,1481830
HH000703,-10,import,2538151
HH000703,-10,import,2208500
HH000703,-10,import,1582538
HH000703,-10,import,1149645
HH000703,-10,import,1259744
HH000703,-10,import,978339
HH000703,-10,import,1067554
HH000703,-10,import,1146043
HH000703,-10,import,1867303
HH000703,-10,import,1190483
HH000703,-10,import,1321810
HH000703,-10,import,1177583
HH000703,-10,import,986398
HH000703,-10,import,1124523
HH000703,-10,import,2163166
HH000703,-10,import,1275986
HH000703,-10,import,3485196
HH000703,-10,import,1795947
HH000703,-10,import,2168305
HH000703,-10,import,1139805
HH000703,-10,import,1027341
HH000703,-10,import,1721922
HH000703,-10,import,2000429
HH000703,-10,import,2901076
HH000703,-10,import,1225205
HH000703,-10,import,1084112
HH000703,-10,import,1045101
HH000703,-10,import,1546866
HH000703,-10,import,1592265
HH000703,-10,import,1094438
HH000703,-10,import,2771606
HH000703,-10,import,5918267
HH000703,-10,import,3702756
HH000703,-10,import,2043582
HH000703,-10,import,6364212
HH000703,-10,import,4852454
HH000703,-10,import,2941132
HH000703,-10,import,3545177
HH000703,-10,import,2462102
HH000703,-10,import,3668807
HH000703,-10,import,4805305
HH000703,-10,import,5662115
HH000703,-10,import,7276934
HH000703,-10,import,4362314
HH000703,-10,import,1869960
HH000703,-10,import,2270502
HH000703,-10,import,2389636
HH000703,-10,import,4011987
HH000703,-10,import,3394096
HH000703,-10,import,1340396
HH000703,-10,import,3605823
HH000703,-10,import,1630137
HH000703,-10,import,1591813
HH000703,-10,import,3305522
HH000703,-10,import,1273395
HH000703,-10,import,3781187
HH000703,-10,import,2392195
HH000703,-10,import,1633380
HH000703,-10,import,3934348
HH000703,-10,import,2464040
HH000703,-10,import,1964273
HH000703,-10,import,1638426
HH000703,-10,import,1998353
HH000703,-10,import,4716616
HH000703,-10,import,4566588
HH000703,-10,import,3756313
HH000703,-10,import,2772872
HH000703,-10,import,2597822
HH000703,-10,import,3726943
HH000703,-10,import,3889304
HH000703,-10,import,1614796
HH000703,-10,import,2217194
HH000703,-10,import,7321160
HH000703,-10,import,1825755
HH000703,-10,import,3342245
HH000703,-10,import,1877927
HH000703,-10,import,1681318
HH000703,-10,import,2241521
HH000703,-10,import,1692762
HH000703,-10,import,2390517
HH000703,-10,import,1663035
HH000703,-10,import,1406730
HH000703,-10,import,1496929
HH000703,-10,import,1543194
HH000703,-10,import,2271902
HH000703,-10,import,1725904
HH000703,-10,import,1420539
HH000703,-10,import,1501058
HH000703,-10,import,2729672
HH000703,-10,import,1240609
HH000703,-10,import,2264820
HH000703,-10,import,1910923
HH000703,-10,import,1723508
HH000703,-10,import,1104836
HH000703,-10,import,1588021
HH000703,-10,import,1363668
HH000703,-10,import,1228927
HH000703,-10,import,1373448
HH000703,-10,import,1492691
HH000703,-10,import,2354676
HH000703,-10,import,1235396
HH000703,-10,import,1751072
HH000703,-10,import,1067885
HH000703,-10,import,1029209
HH000703,-10,import,1525797
HH000703,-10,import,1001460
HH000703,-10,import,1075681
HH000703,-10,import,1656536
HH000703,-10,import,1020202
HH000703,-10,import,1022760
HH000703,-10,import,1544489
HH000703,-10,import,2375226
HH000703,-10,import,1885892
HH000703,-10,import,1076574
HH000703,-10,import,1236156
HH000703,-10,import,1041615
HH000703,-10,import,1263738
HH000703,-10,import,2440549
HH000703,-10,import,2633304
HH000703,-10,import,1181339
HH000703,-10,import,2107281
HH000703,-10,import,1146499
HH000703,-10,import,1154091
HH000703,-10,import,2300913
HH000703,-10,import,2312883
HH000703,-10,import,950241
HH000703,-10,import,2283445
HH000703,-10,import,1248775
HH000703,-10,import,1342793
HH000703,-10,import,1740373
HH000703,-10,import,2074040
HH000703,-10,import,1110350
HH000703,-10,import,4493667
HH000703,-10,import,1093962
HH000703,-10,import,1129896
HH000703,-10,import,1272666
HH000703,-10,import,1842264
HH000703,-10,import,944744
HH000703,-10,import,1459494
HH000703,-10,import,1266150
HH000703,-10,import,2478628
HH000703,-10,import,2402072
HH000703,-10,import,1622564
HH000703,-10,import,1134111
HH000703,-10,import,12088090
HH000703,-10,import,2412423
HH000703,-10,import,3282835
HH000703,-10,import,2598009
HH000703,-10,import,2304016
HH000703,-10,import,2767214
HH000703,-10,import,1848933
HH000703,-10,import,1908941
HH000703,-10,import,2360416
HH000703,-10,import,2979260
HH000703,-10,import,2844538
HH000703,-10,import,5361975
HH000703,-10,import,1891896
HH000703,-10,import,3372129
HH000703,-10,import,1578012
HH000703,-10,import,2580750
HH000703,-10,import,2094116
HH000703,-10,import,1201694
HH000703,-10,import,1670045
HH000703,-10,import,1307224
HH000703,-10,import,1303889
HH000703,-10,import,1286473
HH000703,-10,import,1194712
HH000703,-10,import,2136950
HH000703,-10,import,2936447
HH000703,-10,import,2379977
HH000703,-10,import,3198773
HH000703,-10,import,1425072
HH000703,-10,import,1425075
HH000703,-10,import,1293294
HH000703,-10,import,1740353
HH000703,-10,import,2134808
HH000703,-10,import,3426838
HH000703,-10,import,2764312
HH000703,-10,import,3879992
HH000703,-10,import,2581460
HH000703,-10,import,1495072
HH000703,-10,import,2104265
HH000703,-10,import,3262484
HH000703,-10,import,1075454
HH000703,-10,import,1312659
HH000703,-10,import,1340764
HH000703,-10,import,1682879
HH000703,-10,import,2423837
HH000703,-10,import,1133637
HH000703,-10,import,1231502
HH000703,-10,import,2109960
HH000703,-10,import,1072963
HH000703,-10,import,1116667
HH000703,-10,import,2146846
HH000703,-10,import,1598974
HH000703,-10,import,1159960
HH000703,-10,import,1571741
HH000703,-10,import,1634190
HH000703,-10,import,1211056
HH000703,-10,import,2583409
HH000703,-10,import,4123653
HH000703,-10,import,3909818
HH000703,-10,import,4151643
HH000703,-10,import,1631222
HH000703,-10,import,4140406
HH000703,-10,import,15130886
HH000703,-10,import,3833030
HH000703,-10,import,12596860
HH000703,-10,import,1854183
HH000703,-10,import,3369828
HH000703,-10,import,2646448
HH000703,-10,import,2131358
HH000703,-10,import,2003537
HH000703,-10,import,2457072
HH000703,-10,import,1661284
HH000703,-10,import,4632909
HH000703,-10,import,4685844
HH000703,-10,import,1695076
HH000703,-10,import,1517055
HH000703,-10,import,2571286
HH000703,-10,import,1429932
HH000703,-10,import,1344327
HH000703,-10,import,1570654
HH000703,-10,import,1192301
HH000703,-10,import,1732955
HH000703,-10,import,1033453
HH000703,-10,import,1862811
HH000703,-10,import,1166136
HH000703,-10,import,1688852
HH000703,-10,import,2452543
HH000703,-10,import,1461707
HH000703,-10,import,2620576
HH000703,-10,import,1099161
HH000703,-10,import,1129500
HH000703,-10,import,2141230
HH000703,-10,import,1201038
HH000703,-10,import,1483479
HH000703,-10,import,2368312
HH000703,-10,import,2152488
HH000703,-10,import,1554469
HH000703,-10,import,1577259
HH000703,-10,import,1364916
HH000703,-10,import,1234648
HH000703,-10,import,1096333
HH000703,-10,import,1042203
HH000703,-10,import,1159785
HH000703,-10,import,1000272
HH000703,-10,import,1428237
HH000703,-10,import,1038455
HH000703,-10,import,1120154
HH000703,-10,import,2025649
HH000703,-10,import,1100717
HH000703,-10,import,1886540
HH000703,-10,import,2132728
HH000703,-10,import,1515143
HH000703,-10,import,1282670
HH000703,-10,import,2671738
HH000703,-10,import,3846743
HH000703,-10,import,4581410
HH000703,-10,import,3489776
HH000703,-10,import,4787620
HH000703,-10,import,4846769
HH000703,-10,import,1396376
HH000703,-10,import,1543155
HH000703,-10,import,1750706
HH000703,-10,import,1382529
HH000703,-10,import,1472431
HH000703,-10,import,2502023
HH000703,-10,import,2740645
HH000703,-10,import,1358393
HH000703,-10,import,1193258
HH000703,-10,import,1117304
HH000703,-10,import,1048426
HH000703,-10,import,1218353
HH000703,-10,import,997368
HH000703,-10,import,970939
HH000703,-10,import,1025977
HH000703,-10,import,996289
HH000703,-10,import,965227
HH000703,-10,import,1786904
HH000703,-10,import,1552365
HH000703,-10,import,1596717
HH000703,-10,import,2683417
HH000703,-10,import,1655435
HH000703,-10,import,1256802
HH000703,-10,import,2010185
HH000703,-10,import,1883368
HH000703,-10,import,1434740
HH000703,-10,import,1350396
HH000703,-10,import,1157932
HH000703,-10,import,2311446
HH000703,-10,import,1396446
HH000703,-10,import,1403649
HH000703,-10,import,1350942
HH000703,-10,import,2321169
HH000703,-10,import,1702439
HH000703,-10,import,3548492
HH000703,-10,import,1155894
HH000703,-10,import,1479009
HH000703,-10,import,2585924
HH000703,-10,import,1340493
HH000703,-10,import,1650597
HH000703,-10,import,1671993
HH000703,-10,import,1085110
HH000703,-10,import,1312882
HH000703,-10,import,1201581
HH000703,-10,import,1774586
HH000703,-10,import,1190054
HH000703,-10,import,991896
HH000703,-10,import,1041624
HH000703,-10,import,1111474
HH000703,-10,import,937444
HH000703,-10,import,1036544
HH000703,-10,import,1632747
HH000703,-10,import,1602926
HH000703,-10,import,4467554
HH000703,-10,import,1781173
HH000703,-10,import,3200717
HH000703,-10,import,1626343
HH000703,-10,import,1444370
HH000703,-10,import,1713377
HH000703,-10,import,1580016
HH000703,-10,import,1227023
HH000703,-10,import,1429272
HH000703,-10,import,2373020
HH000703,-10,import,2462579
HH000703,-10,import,1270153
HH000703,-10,import,1567941
HH000703,-10,import,1796290
HH000703,-10,import,1958574
HH000703,-10,import,1666735
HH000703,-10,import,1943454
HH000703,-10,import,3010857
HH000703,-10,import,2024288
HH000703,-10,import,2433863
HH000703,-10,import,1591421
HH000703,-10,import,1125759
HH000703,-10,import,1096425
HH000703,-10,import,6346969
HH000703,-10,import,1277861
HH000703,-10,import,1995513
HH000703,-10,import,1223912
HH000703,-10,import,1206357
HH000703,-10,import,2244912
HH000703,-10,import,1551173
HH000703,-10,import,1959181
HH000703,-10,import,1178070
HH000703,-10,import,1758741
HH000703,-10,import,1092667
HH000703,-10,import,1348631
HH000703,-10,import,1541331
HH000703,-10,import,3388773
HH000703,-10,import,3200044
HH000703,-10,import,1607669
HH000703,-10,import,983470
HH000703,-10,import,1139097
HH000703,-10,import,1039544
HH000703,-10,import,1617619
HH000703,-10,import,1020080
HH000703,-10,import,1246597
HH000703,-10,import,1828067
HH000703,-10,import,2255012
HH000703,-10,import,2848071
HH000703,-10,__import__,1075056
HH000703,-10,__import__,2439537
HH000703,-10,__import__,1957822
HH000703,-10,__import__,1314664
HH000703,-10,__import__,2477050
HH000703,-10,__import__,3555872
HH000703,-10,__import__,1283062
HH000703,-10,__import__,1359951
HH000703,-10,__import__,1184583
HH000703,-10,__import__,2309547
HH000703,-10,__import__,1512673
HH000703,-10,__import__,1194201
HH000703,-10,__import__,2986955
HH000703,-10,__import__,1261035
HH000703,-10,__import__,2077173
HH000703,-10,__import__,1333759
HH000703,-10,__import__,1247170
HH000703,-10,__import__,1734869
HH000703,-10,__import__,1952083
HH000703,-10,__import__,2286727
HH000703,-10,__import__,1540119
HH000703,-10,__import__,2254554
HH000703,-10,__import__,1457353
HH000703,-10,__import__,1073779
HH000703,-10,__import__,1205448
HH000703,-10,__import__,2855611
HH000703,-10,__import__,1374353
HH000703,-10,__import__,2713735
HH000703,-10,__import__,1388237
HH000703,-10,__import__,2321269
HH000703,-10,__import__,1057467
HH000703,-10,__import__,1856116
HH000703,-10,__import__,2778238
HH000703,-10,__import__,1233236
HH000703,-10,__import__,1324559
HH000703,-10,__import__,1169251
HH000703,-10,__import__,1816839
HH000703,-10,__import__,2274740
HH000703,-10,__import__,1147601
HH000703,-10,__import__,996613
HH000703,-10,__import__,996253
HH000703,-10,__import__,983968
HH000703,-10,__import__,1791511
HH000703,-10,__import__,1445113
HH000703,-10,__import__,2178739
HH000703,-10,__import__,1028019
HH000703,-10,__import__,959598
HH000703,-10,__import__,1103361
HH000703,-10,__import__,2632293
HH000703,-10,__import__,2328279
HH000703,-10,__import__,1198198
HH000703,-10,__import__,1169161
HH000703,-10,__import__,1276028
HH000703,-10,__import__,1932366
HH000703,-10,__import__,1276582
HH000703,-10,__import__,1148469
HH000703,-10,__import__,1825446
HH000703,-10,__import__,1318797
HH000703,-10,__import__,1416125
HH000703,-10,__import__,1342741
HH000703,-10,__import__,1884811
HH000703,-10,__import__,1933350
HH000703,-10,__import__,1054475
HH000703,-10,__import__,1216189
HH000703,-10,__import__,1336564
HH000703,-10,__import__,4076187
HH000703,-10,__import__,2035700
HH000703,-10,__import__,2054677
HH000703,-10,__import__,1448213
HH000703,-10,__import__,2317755
HH000703,-10,__import__,1512050
HH000703,-10,__import__,1309707
HH000703,-10,__import__,1495632
HH000703,-10,__import__,1234044
HH000703,-10,__import__,1130829
HH000703,-10,__import__,1218010
HH000703,-10,__import__,2131685
HH000703,-10,__import__,3342006
HH000703,-10,__import__,1082681
HH000703,-10,__import__,2081051
HH000703,-10,__import__,1982645
HH000703,-10,__import__,1114127
HH000703,-10,__import__,1307062
HH000703,-10,__import__,1353932
HH000703,-10,__import__,1451728
HH000703,-10,__import__,1179670
HH000703,-10,__import__,2497148
HH000703,-10,__import__,1937657
HH000703,-10,__import__,1143767
HH000703,-10,__import__,2014666
HH000703,-10,__import__,3021659
HH000703,-10,__import__,2819926
HH000703,-10,__import__,1243899
HH000703,-10,__import__,2696270
HH000703,-10,__import__,1243949
HH000703,-10,__import__,2143748
HH000703,-10,__import__,2455166
HH000703,-10,__import__,1168255
HH000703,-10,__import__,2463553
HH000703,-10,__import__,1759795
HH000703,-10,__import__,2664507
HH000703,-10,__import__,1742196
HH000703,-10,__import__,1666845
HH000703,-10,__import__,2927300
HH000703,-10,__import__,1915679
HH000703,-10,__import__,1577591
HH000703,-10,__import__,3047238
HH000703,-10,__import__,2039386
HH000703,-10,__import__,1394756
HH000703,-10,__import__,1289619
HH000703,-10,__import__,2467936
HH000703,-10,__import__,1863157
HH000703,-10,__import__,1053167
HH000703,-10,__import__,1314126
HH000703,-10,__import__,1506946
HH000703,-10,__import__,1058783
HH000703,-10,__import__,1342505
HH000703,-10,__import__,2441881
HH000703,-10,__import__,2633440
HH000703,-10,__import__,1474021
HH000703,-10,__import__,2446800
HH000703,-10,__import__,2535835
HH000703,-10,__import__,2248470
HH000703,-10,__import__,1277478
HH000703,-10,__import__,1704098
HH000703,-10,__import__,2400528
HH000703,-10,__import__,3390069
HH000703,-10,__import__,2496977
HH000703,-10,__import__,1570111
HH000703,-10,__import__,2185863
HH000703,-10,__import__,3000566
HH000703,-10,__import__,2610846
HH000703,-10,__import__,1804278
HH000703,-10,__import__,2835738
HH000703,-10,__import__,3308031
HH000703,-10,__import__,1784869
HH000703,-10,__import__,4102850
HH000703,-10,__import__,2677678
HH000703,-10,__import__,2096114
HH000703,-10,__import__,2329187
HH000703,-10,__import__,1729849
HH000703,-10,__import__,1479057
HH000703,-10,__import__,1150156
HH000703,-10,__import__,1556674
HH000703,-10,__import__,2101098
HH000703,-10,__import__,971263
HH000703,-10,__import__,1242889
HH000703,-10,__import__,3766090
HH000703,-10,__import__,2005044
HH000703,-10,__import__,2237569
HH000703,-10,__import__,1350952
HH000703,-10,__import__,1111750
HH000703,-10,__import__,1863029
HH000703,-10,__import__,1106555
HH000703,-10,__import__,1139731
HH000703,-10,__import__,2102384
HH000703,-10,__import__,1335692
HH000703,-10,__import__,1221462
HH000703,-10,__import__,1298856
HH000703,-10,__import__,1147655
HH000703,-10,__import__,1593094
HH000703,-10,__import__,1291521
HH000703,-10,__import__,1525116
HH000703,-10,__import__,2324516
HH000703,-10,__import__,4036053
HH000703,-10,__import__,1689942
HH000703,-10,__import__,1549204
HH000703,-10,__import__,1348966
HH000703,-10,__import__,1038869
HH000703,-10,__import__,1327968
HH000703,-10,__import__,1279338
HH000703,-10,__import__,2069795
HH000703,-10,__import__,1270307
HH000703,-10,__import__,2228635
HH000703,-10,__import__,1654420
HH000703,-10,__import__,1204024
HH000703,-10,__import__,963479
HH000703,-10,__import__,3129657
HH000703,-10,__import__,1464332
HH000703,-10,__import__,2098336
HH000703,-10,__import__,1197212
HH000703,-10,__import__,2260167
HH000703,-10,__import__,2111180
HH000703,-10,__import__,1878798
HH000703,-10,__import__,2315004
HH000703,-10,__import__,1504181
HH000703,-10,__import__,2730580
HH000703,-10,__import__,1130002
HH000703,-10,__import__,1543904
HH000703,-10,__import__,1103165
HH000703,-10,__import__,1748411
HH000703,-10,__import__,3530966
HH000703,-10,__import__,2201772
HH000703,-10,__import__,1687839
HH000703,-10,__import__,1285076
HH000703,-10,__import__,1029576
HH000703,-10,__import__,1245979
HH000703,-10,__import__,1521022
HH000703,-10,__import__,2014369
HH000703,-10,__import__,1069740
HH000703,-10,__import__,2681303
HH000703,-10,__import__,1101969
HH000703,-10,__import__,1049945
HH000703,-10,__import__,1049586
HH000703,-10,__import__,3597562
HH000703,-10,__import__,2142079
HH000703,-10,__import__,1182979
HH000703,-10,__import__,2639513
HH000703,-10,__import__,1612548
HH000703,-10,__import__,1191078
HH000703,-10,__import__,1264054
HH000703,-10,__import__,2872188
HH000703,-10,__import__,1758503
HH000703,-10,__import__,1823443
HH000703,-10,__import__,2198364
HH000703,-10,__import__,1042944
HH000703,-10,__import__,1298556
HH000703,-10,__import__,1411110
HH000703,-10,__import__,1057883
HH000703,-10,__import__,2122773
HH000703,-10,__import__,1085032
HH000703,-10,__import__,1020219
HH000703,-10,__import__,1093176
HH000703,-10,__import__,2016299
HH000703,-10,__import__,2116377
HH000703,-10,__import__,4368941
HH000703,-10,__import__,1317843
HH000703,-10,__import__,1267032
HH000703,-10,__import__,1650355
HH000703,-10,__import__,925540
HH000703,-10,__import__,1685925
HH000703,-10,__import__,1604132
HH000703,-10,__import__,1452739
HH000703,-10,__import__,941566
HH000703,-10,__import__,1097549
HH000703,-10,__import__,2399536
HH000703,-10,__import__,1590559
HH000703,-10,__import__,3106203
HH000703,-10,__import__,1260609
HH000703,-10,__import__,1822577
HH000703,-10,__import__,4750637
HH000703,-10,__import__,2455635
HH000703,-10,__import__,3598596
HH000703,-10,__import__,2123968
HH000703,-10,__import__,2526493
HH000703,-10,__import__,2036830
HH000703,-10,__import__,2341716
HH000703,-10,__import__,2247219
HH000703,-10,__import__,1548002
HH000703,-10,__import__,1477785
HH000703,-10,__import__,1377600
HH000703,-10,__import__,1576323
HH000703,-10,__import__,4993666
HH000703,-10,__import__,3760840
HH000703,-10,__import__,3119979
HH000703,-10,__import__,1916803
HH000703,-10,__import__,3569299
HH000703,-10,__import__,1656862
HH000703,-10,__import__,1773607
HH000703,-10,__import__,2385630
HH000703,-10,__import__,1812128
HH000703,-10,__import__,2660137
HH000703,-10,__import__,1405257
HH000703,-10,__import__,1462787
HH000703,-10,__import__,1633845
HH000703,-10,__import__,1939262
HH000703,-10,__import__,3000878
HH000703,-10,__import__,3100483
HH000703,-10,__import__,3752368
HH000703,-10,__import__,2062486
HH000703,-10,__import__,3445435
HH000703,-10,__import__,2833419
HH000703,-10,__import__,1293328
HH000703,-10,__import__,1560012
HH000703,-10,__import__,1511042
HH000703,-10,__import__,1215621
HH000703,-10,__import__,1558621
HH000703,-10,__import__,1485484
HH000703,-10,__import__,1365060
HH000703,-10,__import__,1039125
HH000703,-10,__import__,1448322
HH000703,-10,__import__,2583456
HH000703,-10,__import__,1261471
HH000703,-10,__import__,1086071
HH000703,-10,__import__,1190715
HH000703,-10,__import__,1053122
HH000703,-10,__import__,1685797
HH000703,-10,__import__,1189206
HH000703,-10,__import__,1481069
HH000703,-10,__import__,2518531
HH000703,-10,__import__,1790895
HH000703,-10,__import__,3891695
HH000703,-10,__import__,4532421
HH000703,-10,__import__,3077168
HH000703,-10,__import__,3508369
HH000703,-10,__import__,1632261
HH000703,-10,__import__,1858051
HH000703,-10,__import__,2321847
HH000703,-10,__import__,2574632
HH000703,-10,__import__,1433524
HH000703,-10,__import__,1860130
HH000703,-10,__import__,2264080
HH000703,-10,__import__,2275144
HH000703,-10,__import__,1566880
HH000703,-10,__import__,2057186
HH000703,-10,__import__,1216727
HH000703,-10,__import__,2776175
HH000703,-10,__import__,1323021
HH000703,-10,__import__,1095058
HH000703,-10,__import__,1203534
HH000703,-10,__import__,1206839
HH000703,-10,__import__,2658437
HH000703,-10,__import__,1283206
HH000703,-10,__import__,1549023
HH000703,-10,__import__,1974974
HH000703,-10,__import__,2468642
HH000703,-10,__import__,2364545
HH000703,-10,__import__,1535250
HH000703,-10,__import__,2491677
HH000703,-10,__import__,1236700
HH000703,-10,__import__,1763115
HH000703,-10,__import__,1307569
HH000703,-10,__import__,1074144
HH000703,-10,__import__,3526709
HH000703,-10,__import__,1390702
HH000703,-10,__import__,1505437
HH000703,-10,__import__,1270655
HH000703,-10,__import__,1506407
HH000703,-10,__import__,1983882
HH000703,-10,__import__,1008289
HH000703,-10,__import__,991466
HH000703,-10,__import__,1689655
HH000703,-10,__import__,1232898
HH000703,-10,__import__,1844788
HH000703,-10,__import__,1912031
HH000703,-10,__import__,1520333
HH000703,-10,__import__,1043422
HH000703,-10,__import__,1135096
HH000703,-10,__import__,1051016
HH000703,-10,__import__,1135040
HH000703,-10,__import__,1080410
HH000703,-10,__import__,1009493
HH000703,-10,__import__,1087175
HH000703,-10,__import__,992999
HH000703,-10,__import__,1206713
HH000703,-10,__import__,1143142
HH000703,-10,__import__,1114961
HH000703,-10,__import__,1036420
HH000703,-10,__import__,1401677
HH000703,-10,__import__,933871
HH000703,-10,__import__,1184251
HH000703,-10,__import__,946333
HH000703,-10,__import__,2195138
HH000703,-10,__import__,1026502
HH000703,-10,__import__,2517051
HH000703,-10,__import__,1246043
HH000703,-10,__import__,1837060
HH000703,-10,__import__,969307
HH000703,-10,__import__,1297854
HH000703,-10,__import__,2170539
HH000703,-10,__import__,1136519
HH000703,-10,__import__,1291789
HH000703,-10,__import__,1231342
HH000703,-10,__import__,1294252
HH000703,-10,__import__,1104118
HH000703,-10,__import__,1211927
HH000703,-10,__import__,1877838
HH000703,-10,__import__,1376004
HH000703,-10,__import__,1842228
HH000703,-10,__import__,1259654
HH000703,-10,__import__,1906548
HH000703,-10,__import__,1424338
HH000703,-10,__import__,1476336
HH000703,-10,__import__,2306866
HH000703,-10,__import__,2166257
HH000703,-10,__import__,1841113
HH000703,-10,__import__,1039420
HH000703,-10,__import__,1032172
HH000703,-10,__import__,2754199
HH000703,-10,__import__,3040953
HH000703,-10,__import__,1154129
HH000703,-10,__import__,1063703
HH000703,-10,__import__,1033437
HH000703,-10,__import__,1009232
HH000703,-10,__import__,1149912
HH000703,-10,__import__,1311948
HH000703,-10,__import__,1276522
HH000703,-10,__import__,1447945
HH000703,-10,__import__,1176851
HH000703,-10,__import__,995508
HH000703,-10,__import__,1767357
HH000703,-10,__import__,1925684
HH000703,-10,__import__,1752288
HH000703,-10,__import__,1085596
HH000703,-10,__import__,1207188
HH000703,-10,__import__,1182951
HH000703,-10,__import__,1037059
HH000703,-10,__import__,2855953
HH000703,-10,__import__,1288476
HH000703,-10,__import__,1863444
HH000703,-10,__import__,1302295
HH000703,-10,__import__,1667103
HH000703,-10,__import__,1843235
HH000703,-10,__import__,1175259
HH000703,-10,__import__,2114997
HH000703,-10,__import__,1089343
HH000703,-10,__import__,1178776
HH000703,-10,__import__,1134220
HH000703,-10,__import__,1466862
HH000703,-10,__import__,1455066
HH000703,-10,__import__,1220658
HH000703,-10,__import__,1094097
HH000703,-10,__import__,1173116
HH000703,-10,__import__,1811310
HH000703,-10,__import__,1605021
HH000703,-10,__import__,2082709
HH000703,-10,__import__,1453811
HH000703,-10,__import__,1445874
HH000703,-10,__import__,1459996
HH000703,-10,__import__,1027857
HH000703,-10,__import__,1271741
HH000703,-10,__import__,3309245
HH000703,-10,__import__,1463809
HH000703,-10,__import__,1783421
HH000703,-10,__import__,1309464
HH000703,-10,__import__,1382576
HH000703,-10,__import__,1142976
HH000703,-10,__import__,1181524
HH000703,-10,__import__,2342893
HH000703,-10,__import__,1484052
HH000703,-10,__import__,1310725
HH000703,-10,__import__,2227314
HH000703,-10,__import__,1220637
HH000703,-10,__import__,1082134
HH000703,-10,__import__,1660107
HH000703,-10,__import__,1824464
HH000703,-10,__import__,1002969
HH000703,-10,__import__,1152556
HH000703,-10,__import__,1133153
HH000703,-10,__import__,1118072
HH000703,-10,__import__,1022431
HH000703,-10,__import__,1038801
HH000703,-10,__import__,1814899
HH000703,-10,__import__,1434823
HH000703,-10,__import__,921221
HH000703,-10,__import__,3336915
HH000703,-10,__import__,1197116
HH000703,-10,__import__,1905344
HH000703,-10,__import__,999067
HH000703,-10,__import__,1762533
HH000703,-10,__import__,1924651
HH000703,-10,__import__,1156698
HH000703,-10,__import__,1507925
HH000703,-10,__import__,2855981
HH000703,-10,__import__,1380122
HH000703,-10,__import__,1347483
HH000703,-10,__import__,1561368
HH000703,-10,__import__,1283828
HH000703,-10,__import__,1569909
HH000703,-10,__import__,1613439
HH000703,-10,__import__,2930801
HH000703,-10,__import__,3698300
HH000703,-10,__import__,1693937
HH000703,-10,__import__,3699903
HH000703,-10,__import__,2492159
HH000703,-10,__import__,3505056
HH000703,-10,__import__,2784417
HH000703,-10,__import__,2973201
HH000703,-10,__import__,1656261
HH000703,-10,__import__,2224033
HH000703,-10,__import__,1523237
HH000703,-10,__import__,3106679
HH000703,-10,__import__,1332944
HH000703,-10,__import__,2769471
HH000703,-10,__import__,1465483
HH000703,-10,__import__,2683844
HH000703,-10,__import__,1354771
HH000703,-10,__import__,1416799
HH000703,-10,__import__,2901334
HH000703,-10,__import__,2523043
HH000703,-10,__import__,1790199
HH000703,-10,__import__,3537546
HH000703,-10,__import__,2012547
HH000703,-10,__import__,1634212
HH000703,-10,__import__,2586795
HH000703,-10,__import__,2223115
HH000703,-10,__import__,2764593
HH000703,-10,__import__,3540892
HH000703,-10,__import__,3541530
HH000703,-10,__import__,2511097
HH000703,-10,__import__,1830324
HH000703,-10,__import__,4393545
HH000703,-10,__import__,3049192
HH000703,-10,__import__,2046999
HH000703,-10,__import__,3634835
HH000703,-10,__import__,4191238
HH000703,-10,__import__,1988640
HH000703,-10,__import__,1953880
HH000703,-10,__import__,4573162
HH000703,-10,__import__,2107789
HH000703,-10,__import__,3316216
HH000703,-10,__import__,2331258
HH000703,-10,__import__,1808150
HH000703,-10,__import__,3183959
HH000703,-10,__import__,2066044
HH000703,-10,__import__,2082744
HH000703,-10,__import__,13177499
HH000703,-10,__import__,2671040
HH000703,-10,__import__,2873949
HH000703,-10,__import__,2671398
HH000703,-10,__import__,3412544
HH000703,-10,__import__,4905554
HH000703,-10,__import__,2872849
HH000703,-10,__import__,6028627
HH000703,-10,__import__,2986210
HH000703,-10,__import__,2094679
HH000703,-10,__import__,4247196
HH000703,-10,__import__,5284682
HH000703,-10,__import__,2614811
HH000703,-10,__import__,1845584
HH000703,-10,__import__,3496263
HH000703,-10,__import__,2341808
HH000703,-10,__import__,4157412
HH000703,-10,__import__,2066158
HH000703,-10,__import__,3312492
HH000703,-10,__import__,2259191
HH000703,-10,__import__,1899690
HH000703,-10,__import__,3026889
HH000703,-10,__import__,3294027
HH000703,-10,__import__,3181462
HH000703,-10,__import__,3776162
HH000703,-10,__import__,1929722
HH000703,-10,__import__,2274383
HH000703,-10,__import__,1595437
HH000703,-10,__import__,3488580
HH000703,-10,__import__,2306760
HH000703,-10,__import__,3404689
HH000703,-10,__import__,2585444
HH000703,-10,__import__,14598213
HH000703,-10,__import__,5248619
HH000703,-10,__import__,7760676
HH000703,-10,__import__,2264600
HH000703,-10,__import__,2013588
HH000703,-10,__import__,2152103
HH000703,-10,__import__,3574099
HH000703,-10,__import__,2252205
HH000703,-10,__import__,1940888
HH000703,-10,__import__,2660884
HH000703,-10,__import__,1598281
HH000703,-10,__import__,1605063
HH000703,-10,__import__,3396010
HH000703,-10,__import__,1504761
HH000703,-10,__import__,1458043
HH000703,-10,__import__,1470041
HH000703,-10,__import__,4161533
HH000703,-10,__import__,1532577
HH000703,-10,__import__,1438126
HH000703,-10,__import__,2143481
HH000703,-10,__import__,1483186
HH000703,-10,__import__,1868508
HH000703,-10,__import__,2973279
HH000703,-10,__import__,2434493
HH000703,-10,__import__,1623374
HH000703,-10,__import__,1449726
HH000703,-10,__import__,1626612
HH000703,-10,__import__,1564370
HH000703,-10,__import__,2898266
HH000703,-10,__import__,2281234
HH000703,-10,__import__,2101778
HH000703,-10,__import__,2847629
HH000703,-10,__import__,1329355
HH000703,-10,__import__,2589623
HH000703,-10,__import__,2473395
HH000703,-10,__import__,1076372
HH000703,-10,__import__,1182687
HH000703,-10,__import__,3266726
HH000703,-10,__import__,1098847
HH000703,-10,__import__,2218860
HH000703,-10,__import__,1731697
HH000703,-10,__import__,1163500
HH000703,-10,__import__,2500433
HH000703,-10,__import__,1520140
HH000703,-10,__import__,2467453
HH000703,-10,__import__,1777123
HH000703,-10,__import__,3653175
HH000703,-10,__import__,1279823
HH000703,-10,__import__,1130258
HH000703,-10,__import__,1219132
HH000703,-10,__import__,2022392
HH000703,-10,__import__,1072192
HH000703,-10,__import__,1068848
HH000703,-10,__import__,1268581
HH000703,-10,__import__,1096941
HH000703,-10,__import__,1424282
HH000703,-10,__import__,1131370
HH000703,-10,__import__,1505674
HH000703,-10,__import__,1051828
HH000703,-10,__import__,974046
HH000703,-10,__import__,1033342
HH000703,-10,__import__,965446
HH000703,-10,__import__,972369
HH000703,-10,__import__,964409
HH000703,-10,__import__,1106727
HH000703,-10,__import__,1322905
HH000703,-10,__import__,1658811
HH000703,-10,__import__,1727028
HH000703,-10,__import__,1421515
HH000703,-10,__import__,2666482
HH000703,-10,__import__,1040694
HH000703,-10,__import__,2415735
HH000703,-10,__import__,1581577
HH000703,-10,__import__,1397039
HH000703,-10,__import__,1437628
HH000703,-10,__import__,1602390
HH000703,-10,__import__,988524
HH000703,-10,__import__,1164489
HH000703,-10,__import__,1419492
HH000703,-10,__import__,1115950
HH000703,-10,__import__,1728406
HH000703,-10,__import__,1375952
HH000703,-10,__import__,1124327
HH000703,-10,__import__,2171866
HH000703,-10,__import__,1547008
HH000703,-10,__import__,1195715
HH000703,-10,__import__,1631693
HH000703,-10,__import__,973107
HH000703,-10,__import__,1932586
HH000703,-10,__import__,2383085
HH000703,-10,__import__,1500638
HH000703,-10,__import__,1044768
HH000703,-10,__import__,935066
HH000703,-10,__import__,1169134
HH000703,-10,__import__,969091
HH000703,-10,__import__,3030422
HH000703,-10,__import__,1411957
HH000703,-10,__import__,1226862
HH000703,-10,__import__,2709502
HH000703,-10,__import__,1472231
HH000703,-10,__import__,2476354
HH000703,-10,__import__,1509403
HH000703,-10,__import__,1665967
HH000703,-10,__import__,1420640
HH000703,-10,__import__,1902913
HH000703,-10,__import__,1617898
HH000703,-10,__import__,2532895
HH000703,-10,__import__,1139011
HH000703,-10,__import__,1100621
HH000703,-10,__import__,1175782
HH000703,-10,__import__,1864678
HH000703,-10,__import__,1740925
HH000703,-10,__import__,2620422
HH000703,-10,__import__,1003200
HH000703,-10,__import__,1452285
HH000703,-10,__import__,2373641
HH000703,-10,__import__,1483975
HH000703,-10,__import__,2273972
HH000703,-10,__import__,1899372
HH000703,-10,__import__,1712094
HH000703,-10,__import__,2046013
HH000703,-10,__import__,1858468
HH000703,-10,__import__,2461266
HH000703,-10,__import__,1232521
HH000703,-10,__import__,1332431
HH000703,-10,__import__,4082623
HH000703,-10,__import__,2562844
HH000703,-10,__import__,1268248
HH000703,-10,__import__,2759709
HH000703,-10,__import__,1286971
HH000703,-10,__import__,2977217
HH000703,-10,__import__,1386608
HH000703,-10,__import__,1739519
HH000703,-10,__import__,3249178
HH000703,-10,__import__,2143144
HH000703,-10,__import__,1506093
HH000703,-10,__import__,4794709
HH000703,-10,__import__,2447370
HH000703,-10,__import__,2662687
HH000703,-10,__import__,2904875
HH000703,-10,__import__,2722540
HH000703,-10,__import__,1283280
HH000703,-10,__import__,1353704
HH000703,-10,__import__,1372929
HH000703,-10,__import__,1377025
HH000703,-10,__import__,1208223
HH000703,-10,__import__,2348295
HH000703,-10,__import__,1137764
HH000703,-10,__import__,3100935
HH000703,-10,__import__,2710876
HH000703,-10,__import__,2837465
HH000703,-10,__import__,2488607
HH000703,-10,__import__,2815951
HH000703,-10,__import__,2949845
HH000703,-10,__import__,1239306
HH000703,-10,__import__,2518994
HH000703,-10,__import__,1379088
HH000703,-10,__import__,3007998
HH000703,-10,__import__,2562615
HH000703,-10,__import__,3341488
HH000703,-10,__import__,1209607
HH000703,-10,__import__,1973130
HH000703,-10,__import__,2356714
HH000703,-10,__import__,2485410
HH000703,-10,__import__,1220742
HH000703,-10,__import__,4610317
HH000703,-10,__import__,1418494
HH000703,-10,__import__,2196757
HH000703,-10,__import__,3023646
HH000703,-10,__import__,1169536
HH000703,-10,__import__,1021480
HH000703,-10,__import__,1675285
HH000703,-10,__import__,2016200
HH000703,-10,__import__,2064437
HH000703,-10,__import__,1811386
HH000703,-10,__import__,966787
HH000703,-10,__import__,1877066
HH000703,-10,__import__,1801920
HH000703,-10,__import__,1213048
HH000703,-10,__import__,1030484
HH000703,-10,__import__,934848
HH000703,-10,__import__,1189658
HH000703,-10,__import__,1969334
HH000703,-10,__import__,1381683
HH000703,-10,__import__,2183354
HH000703,-10,__import__,1075639
HH000703,-10,__import__,2299708
HH000703,-10,__import__,1128321
HH000703,-10,__import__,1368746
HH000703,-10,__import__,1307014
HH000703,-10,__import__,1850531
HH000703,-10,__import__,1325647
HH000703,-10,__import__,1350861
HH000703,-10,__import__,1713620
HH000703,-10,__import__,1209492
HH000703,-10,__import__,1199122
HH000703,-10,__import__,2191347
HH000703,-10,__import__,1653621
HH000703,-10,__import__,2593105
HH000703,-10,__import__,3588030
HH000703,-10,__import__,1370829
HH000703,-10,__import__,2258394
HH000703,-10,__import__,1065157
HH000703,-10,__import__,1461744
HH000703,-10,__import__,1042356
HH000703,-10,__import__,1068015
HH000703,-10,__import__,1986980
HH000703,-10,__import__,1603357
HH000703,-10,__import__,1009978
HH000703,-10,__import__,2011244
HH000703,-10,__import__,1008608
HH000703,-10,__import__,3410659
HH000703,-10,__import__,1956446
HH000703,-10,__import__,1150196
HH000703,-10,__import__,1092935
HH000703,-10,__import__,1606113
HH000703,-10,__import__,1541358
HH000703,-10,__import__,2038283
HH000703,-10,__import__,1988920
HH000703,-10,__import__,1214338
HH000703,-10,__import__,2255141
HH000703,-10,__import__,2329298
HH000703,-10,__import__,1047286
HH000703,-10,__import__,1839570
HH000703,-10,__import__,1904373
HH000703,-10,__import__,1105308
HH000703,-10,__import__,2227370
HH000703,-10,__import__,995895
HH000703,-10,__import__,1133559
HH000703,-10,__import__,3394500
HH000703,-10,__import__,1195684
HH000703,-10,__import__,1867461
HH000703,-10,__import__,2147051
HH000703,-10,__import__,2124154
HH000703,-10,__import__,1051796
HH000703,-10,__import__,1501097
HH000703,-10,__import__,1131907
HH000703,-10,__import__,1088756
HH000703,-10,__import__,2221091
HH000703,-10,__import__,2589007
HH000703,-10,__import__,1089368
HH000703,-10,__import__,1160507
HH000703,-10,__import__,1291362
HH000703,-10,__import__,1473486
HH000703,-10,__import__,1851894
HH000703,-10,__import__,2602649
HH000703,-10,__import__,1521201
HH000703,-10,__import__,959515
HH000703,-10,__import__,2139262
HH000703,-10,__import__,1491867
HH000703,-10,__import__,1416801
HH000703,-10,__import__,1210826
HH000703,-10,__import__,1040576
HH000703,-10,__import__,1401473
HH000703,-10,__import__,1298051
HH000703,-10,__import__,1316234
HH000703,-10,__import__,1216456
HH000703,-10,__import__,2341442
HH000703,-10,__import__,3007662
HH000703,-10,__import__,925322
HH000703,-10,__import__,1295909
HH000703,-10,__import__,1865459
HH000703,-10,__import__,1237574
HH000703,-10,__import__,2927936
HH000703,-10,__import__,1178919
HH000703,-10,__import__,1285927
HH000703,-10,__import__,1747138
HH000703,-10,__import__,1932406
HH000703,-10,__import__,1277277
HH000703,-10,__import__,1275559
HH000703,-10,__import__,1327182
HH000703,-10,__import__,2033191
HH000703,-10,__import__,1376506
HH000703,-10,__import__,1414974
HH000703,-10,__import__,1274601
HH000703,-10,__import__,1765475
HH000703,-10,__import__,1274589
HH000703,-10,__import__,1025931
HH000703,-10,__import__,1322086
HH000703,-10,__import__,1156496
HH000703,-10,__import__,2249849
HH000703,-10,__import__,2695213
HH000703,-10,__import__,1874727
HH000703,-10,__import__,1194585
HH000703,-10,__import__,1919255
HH000703,-10,__import__,1238969
HH000703,-10,__import__,1618576
HH000703,-10,__import__,1596579
HH000703,-10,__import__,1473749
HH000703,-10,__import__,1276116
HH000703,-10,__import__,1395066
HH000703,-10,__import__,2272840
HH000703,-10,__import__,2403324
HH000703,-10,__import__,1098083
HH000703,-10,__import__,1243522
HH000703,-10,__import__,1104671
HH000703,-10,__import__,1154839
HH000703,-10,__import__,1930238
HH000703,-10,__import__,975582
HH000703,-10,__import__,1358189
HH000703,-10,__import__,2201112
HH000703,-10,__import__,1161955
HH000703,-10,__import__,1909296
HH000703,-10,__import__,1413287
HH000703,-10,__import__,1735756
HH000703,-10,__import__,991605
HH000703,-10,__import__,1309500
HH000703,-10,__import__,2677945
HH000703,-10,__import__,1486861
HH000703,-10,__import__,993855
HH000703,-10,__import__,2222325
HH000703,-10,__import__,1717087
HH000703,-10,__import__,1205468
HH000703,-10,__import__,1204680
HH000703,-10,__import__,2436568
HH000703,-10,__import__,1233044
HH000703,-10,__import__,1203106
HH000703,-10,__import__,1364584
HH000703,-10,__import__,3116994
HH000703,-10,__import__,1292606
HH000703,-10,__import__,1231489
HH000703,-10,__import__,1474720
HH000703,-10,__import__,1937752
HH000703,-10,__import__,1507192
HH000703,-10,__import__,1457794
HH000703,-10,__import__,1079070
HH000703,-10,__import__,2564028
HH000703,-10,__import__,1254075
HH000703,-10,__import__,1875313
HH000703,-10,__import__,1405711
HH000703,-10,__import__,1184547
HH000703,-10,__import__,1699876
HH000703,-10,__import__,1096204
HH000703,-10,__import__,1175298
HH000703,-10,__import__,2357914
HH000703,-10,__import__,1185907
HH000703,-10,__import__,1119070
HH000703,-10,__import__,1083861
HH000703,-10,__import__,1591326
HH000703,-10,__import__,2462931
HH000703,-10,__import__,1576708
HH000703,-10,__import__,2134124
HH000703,-10,__import__,2149656
HH000703,-10,__import__,3309246
HH000703,-10,__import__,2134185
HH000703,-10,__import__,2712873
HH000703,-10,__import__,1412535
HH000703,-10,__import__,1404397
HH000703,-10,__import__,1335331
HH000703,-10,__import__,1156696
HH000703,-10,__import__,1989200
HH000703,-10,__import__,1178727
HH000703,-10,__import__,1416621
HH000703,-10,__import__,1215120
HH000703,-10,__import__,1243383
HH000703,-10,__import__,1497991
HH000703,-10,__import__,2395743
HH000703,-10,__import__,2994977
HH000703,-10,__import__,1243814
HH000703,-10,__import__,1322974
HH000703,-10,__import__,2663968
HH000703,-10,__import__,1150012
HH000703,-10,__import__,2649442
HH000703,-10,__import__,1339802
HH000703,-10,__import__,1230402
HH000703,-10,__import__,1062070
HH000703,-10,__import__,2457086
HH000703,-10,__import__,1482081
HH000703,-10,__import__,3959462
HH000703,-10,__import__,1658310
HH000703,-10,__import__,1427258
HH000703,-10,__import__,2510643
HH000703,-10,__import__,2113458
HH000703,-10,__import__,1814802
HH000703,-10,__import__,4523312
HH000703,-10,__import__,3439340
HH000703,-10,__import__,1450586
HH000703,-10,__import__,3021533
HH000703,-10,__import__,1865461
HH000703,-10,__import__,1938649
HH000703,-10,__import__,1583036
HH000703,-10,__import__,1230547
HH000703,-10,__import__,1832422
HH000703,-10,__import__,1466319
HH000703,-10,__import__,1760244
HH000703,-10,__import__,1443570
HH000703,-10,__import__,1611354
HH000703,-10,__import__,1620550
HH000703,-10,__import__,4606239
HH000703,-10,__import__,3830326
HH000703,-10,__import__,5532459
HH000703,-10,__import__,3785701
HH000703,-10,__import__,1719004
HH000703,-10,__import__,2144203
HH000703,-10,__import__,2064788
HH000703,-10,__import__,2163283
HH000703,-10,__import__,1749477
HH000703,-10,__import__,1729346
HH000703,-10,__import__,1965075
HH000703,-10,__import__,2584470
HH000703,-10,__import__,2608453
HH000703,-10,__import__,1846074
HH000703,-10,__import__,3536932
HH000703,-10,__import__,3600983
HH000703,-10,__import__,1580056
HH000703,-10,__import__,5509418
HH000703,-10,__import__,2205592
HH000703,-10,__import__,1395145
HH000703,-10,__import__,1634071
HH000703,-10,__import__,2043768
HH000703,-10,__import__,1391332
HH000703,-10,__import__,2590321
HH000703,-10,__import__,1480468
HH000703,-10,__import__,1469986
HH000703,-10,__import__,1390287
HH000703,-10,__import__,1373205
HH000703,-10,__import__,1312446
HH000703,-10,__import__,1160396
HH000703,-10,__import__,1795706
HH000703,-10,__import__,2381697
HH000703,-10,__import__,2839519
HH000703,-10,__import__,2969214
HH000703,-10,__import__,1323354
HH000703,-10,__import__,1195352
HH000703,-10,__import__,1394605
HH000703,-10,__import__,2703321
HH000703,-10,__import__,1220539
HH000703,-10,__import__,1935683
HH000703,-10,__import__,1538636
HH000703,-10,__import__,1524428
HH000703,-10,__import__,1195349
HH000703,-10,__import__,1457112
HH000703,-10,__import__,1319742
HH000703,-10,__import__,2816728
HH000703,-10,__import__,1745453
HH000703,-10,__import__,1450509
HH000703,-10,__import__,1904527
HH000703,-10,__import__,1571777
HH000703,-10,__import__,1096821
HH000703,-10,__import__,1397032
HH000703,-10,__import__,1157459
HH000703,-10,__import__,1954961
HH000703,-10,__import__,974387
HH000703,-10,__import__,1443711
HH000703,-10,__import__,1265068
HH000703,-10,__import__,1129655
HH000703,-10,__import__,1284813
HH000703,-10,__import__,1134979
HH000703,-10,__import__,2045271
HH000703,-10,__import__,1493086
HH000703,-10,__import__,1400676
HH000703,-10,__import__,1073016
HH000703,-10,__import__,2568482
HH000703,-10,__import__,1315559
HH000703,-10,__import__,2662601
HH000703,-10,__import__,1580724
HH000703,-10,__import__,2075420
HH000703,-10,__import__,1808324
HH000703,-10,__import__,2407978
HH000703,-10,__import__,2623165
HH000703,-10,__import__,1337673
HH000703,-10,__import__,1179084
HH000703,-10,__import__,1604413
HH000703,-10,__import__,3571143
HH000703,-10,__import__,1575204
HH000703,-10,__import__,3642398
HH000703,-10,__import__,1639909
HH000703,-10,__import__,1910643
HH000703,-10,__import__,2689475
HH000703,-10,__import__,1874096
HH000703,-10,__import__,1379012
HH000703,-10,__import__,1154844
HH000703,-10,__import__,1347418
HH000703,-10,__import__,2723302
HH000703,-10,__import__,1388734
HH000703,-10,__import__,1316288
HH000703,-10,__import__,1934486
HH000703,-10,__import__,1753874
HH000703,-10,__import__,1737114
HH000703,-10,__import__,1861576
HH000703,-10,__import__,1639382
HH000703,-10,__import__,1062003
HH000703,-10,__import__,1980898
HH000703,-10,__import__,1741051
HH000703,-10,__import__,1376758
HH000703,-10,__import__,2171404
HH000703,-10,__import__,1307325
HH000703,-10,__import__,1185435
HH000703,-10,__import__,1177931
HH000703,-10,__import__,2613168
HH000703,-10,__import__,1628531
HH000703,-10,__import__,1596539
HH000703,-10,__import__,1773155
HH000703,-10,__import__,1411243
HH000703,-10,__import__,1893293
HH000703,-10,__import__,3835089
HH000703,-10,__import__,3390699
HH000703,-10,__import__,2312198
HH000703,-10,__import__,2862597
HH000703,-10,__import__,15040471
HH000703,-10,__import__,4027519
HH000703,-10,__import__,1744624
HH000703,-10,__import__,3215781
HH000703,-10,__import__,2447648
HH000703,-10,__import__,1289203
HH000703,-10,__import__,2198970
HH000703,-10,__import__,1435711
HH000703,-10,__import__,1748205
HH000703,-10,__import__,3065597
HH000703,-10,__import__,1632912
HH000703,-10,__import__,1340702
HH000703,-10,__import__,1117848
HH000703,-10,__import__,1895288
HH000703,-10,__import__,1939238
HH000703,-10,__import__,1528539
HH000703,-10,__import__,1453818
HH000703,-10,__import__,1158870
HH000703,-10,__import__,1269922
HH000703,-10,__import__,1607773
HH000703,-10,__import__,1453403
HH000703,-10,__import__,1974127
HH000703,-10,__import__,1745563
HH000703,-10,__import__,1269994
HH000703,-10,__import__,1277220
HH000703,-10,__import__,2853790
HH000703,-10,__import__,1207601
HH000703,-10,__import__,2472939
HH000703,-10,__import__,2590348
HH000703,-10,__import__,1292751
HH000703,-10,__import__,1313323
HH000703,-10,__import__,1070488
HH000703,-10,__import__,3547789
HH000703,-10,__import__,1079912
HH000703,-10,__import__,2243027
HH000703,-10,__import__,1142394
HH000703,-10,__import__,1014395
HH000703,-10,__import__,1061482
HH000703,-10,__import__,2358801
HH000703,-10,__import__,2339029
HH000703,-10,__import__,1113944
HH000703,-10,__import__,1091426
HH000703,-10,__import__,2329760
HH000703,-10,__import__,1234406
HH000703,-10,__import__,1124356
HH000703,-10,__import__,2232136
HH000703,-10,__import__,2807531
HH000703,-10,__import__,1411549
HH000703,-10,__import__,1654314
HH000703,-10,__import__,1629905
HH000703,-10,__import__,1882575
HH000703,-10,__import__,2284483
HH000703,-10,__import__,3276607
HH000703,-10,__import__,2641201
HH000703,-10,__import__,3055721
HH000703,-10,__import__,2962460
HH000703,-10,__import__,2803930
HH000703,-10,__import__,1921866
HH000703,-10,__import__,1690719
HH000703,-10,__import__,1687460
HH000703,-10,__import__,2763109
HH000703,-10,__import__,3382639
HH000703,-10,__import__,4363799
HH000703,-10,__import__,1466819
HH000703,-10,__import__,3885404
HH000703,-10,__import__,1906205
HH000703,-10,__import__,2947248
HH000703,-10,__import__,1582850
HH000703,-10,__import__,3073615
HH000703,-10,__import__,3036339
HH000703,-10,__import__,2376239
HH000703,-10,__import__,1702112
HH000703,-10,__import__,1782279
HH000703,-10,__import__,1389128
HH000703,-10,__import__,2081588
HH000703,-10,__import__,1552767
HH000703,-10,__import__,1461769
HH000703,-10,__import__,1916962
HH000703,-10,__import__,1378076
HH000703,-10,__import__,2035089
HH000703,-10,__import__,3145212
HH000703,-10,__import__,1754532
HH000703,-10,__import__,2171701
HH000703,-10,__import__,3337586
HH000703,-10,__import__,1804059
HH000703,-10,__import__,4413318
HH000703,-10,__import__,2838695
HH000703,-10,__import__,2561981
HH000703,-10,__import__,1586594
HH000703,-10,__import__,2259202
HH000703,-10,__import__,3690269
HH000703,-10,__import__,1632128
HH000703,-10,__import__,2104482
HH000703,-10,__import__,2315391
HH000703,-10,__import__,2160447
HH000703,-10,__import__,1311156
HH000703,-10,__import__,2540341
HH000703,-10,__import__,2017386
HH000703,-10,__import__,2267062
HH000703,-10,__import__,1148850
HH000703,-10,__import__,1065286
HH000703,-10,__import__,1202886
HH000703,-10,__import__,1430595
HH000703,-10,__import__,1783195
HH000703,-10,__import__,2601688
HH000703,-10,__import__,1838788
HH000703,-10,__import__,1003041
HH000703,-10,__import__,2116570
HH000703,-10,__import__,1353228
HH000703,-10,__import__,963296
HH000703,-10,__import__,1519843
HH000703,-10,__import__,1260215
HH000703,-10,__import__,1334043
HH000703,-10,__import__,1065973
HH000703,-10,__import__,1398568
HH000703,-10,__import__,1176583
HH000703,-10,__import__,2705623
HH000703,-10,__import__,1293189
HH000703,-10,__import__,2027161
HH000703,-10,__import__,1770654
HH000703,-10,__import__,1143672
HH000703,-10,__import__,1554879
HH000703,-10,__import__,2275719
HH000703,-10,__import__,1456339
HH000703,-10,__import__,1083106
HH000703,-10,__import__,949847
HH000703,-10,__import__,1060445
HH000703,-10,__import__,1012329
HH000703,-10,__import__,1112535
HH000703,-10,__import__,914284
HH000703,-10,__import__,1394335
HH000703,-10,__import__,1742064
HH000703,-10,__import__,1083771
HH000703,-10,__import__,1132057
HH000703,-10,__import__,1323397
HH000703,-10,__import__,1317453
HH000703,-10,__import__,1001370
HH000703,-10,__import__,923398
HH000703,-10,__import__,1247667
HH000703,-10,__import__,963181
HH000703,-10,__import__,1767108
HH000703,-10,__import__,937886
HH000703,-10,__import__,1811882
HH000703,-10,__import__,1471277
HH000703,-10,__import__,1249070
HH000703,-10,__import__,960743
HH000703,-10,__import__,1026880
HH000703,-10,__import__,1081651
HH000703,-10,__import__,1426559
HH000703,-10,__import__,1395423
HH000703,-10,__import__,1941090
HH000703,-10,__import__,1255471
HH000703,-10,__import__,963316
HH000703,-10,__import__,2598406
HH000703,-10,__import__,987996
HH000703,-10,__import__,1024224
HH000703,-10,__import__,1446494
HH000703,-10,__import__,1190947
HH000703,-10,__import__,1368136
HH000703,-10,__import__,3026179
HH000703,-10,__import__,1232570
HH000703,-10,__import__,1323419
HH000703,-10,__import__,1130489
HH000703,-10,__import__,1066934
HH000703,-10,__import__,1376917
HH000703,-10,__import__,1475025
HH000703,-10,__import__,1134097
HH000703,-10,__import__,2126192
HH000703,-10,__import__,1298803
HH000703,-10,__import__,1474492
HH000703,-10,__import__,1190736
HH000703,-10,__import__,1981197
HH000703,-10,__import__,1909265
HH000703,-10,__import__,1575649
HH000703,-10,__import__,949017
HH000703,-10,__import__,1428010
HH000703,-10,__import__,2547736
HH000703,-10,__import__,1249289
HH000703,-10,__import__,1322982
HH000703,-10,__import__,1332305
HH000703,-10,__import__,1006955
HH000703,-10,__import__,1628362
HH000703,-10,__import__,907787
HH000703,-10,__import__,1094056
HH000703,-10,__import__,1090793
HH000703,-10,__import__,1156447
HH000703,-10,__import__,1000300
HH000703,-10,__import__,1295708
HH000703,-10,__import__,1093480
HH000703,-10,__import__,1139424
HH000703,-10,__import__,1203613
HH000703,-10,__import__,1269068
HH000703,-10,__import__,1305768
HH000703,-10,__import__,1538800
HH000703,-10,__import__,1075284
HH000703,-10,__import__,1092926
HH000703,-10,__import__,1237772
HH000703,-10,__import__ + getattr,1109732
HH000703,-10,__import__ + getattr,1134530
HH000703,-10,__import__ + getattr,1326997
HH000703,-10,__import__ + getattr,2886125
HH000703,-10,__import__ + getattr,1536240
HH000703,-10,__import__ + getattr,1050673
HH000703,-10,__import__ + getattr,1663845
HH000703,-10,__import__ + getattr,995107
HH000703,-10,__import__ + getattr,1008648
HH000703,-10,__import__ + getattr,1332608
HH000703,-10,__import__ + getattr,1725919
HH000703,-10,__import__ + getattr,1587485
HH000703,-10,__import__ + getattr,1175616
HH000703,-10,__import__ + getattr,1357780
HH000703,-10,__import__ + getattr,1099334
HH000703,-10,__import__ + getattr,1460725
HH000703,-10,__import__ + getattr,971901
HH000703,-10,__import__ + getattr,1914274
HH000703,-10,__import__ + getattr,2978355
HH000703,-10,__import__ + getattr,1113561
HH000703,-10,__import__ + getattr,1299573
HH000703,-10,__import__ + getattr,1802680
HH000703,-10,__import__ + getattr,1351383
HH000703,-10,__import__ + getattr,1175089
HH000703,-10,__import__ + getattr,1075263
HH000703,-10,__import__ + getattr,1014854
HH000703,-10,__import__ + getattr,1028149
HH000703,-10,__import__ + getattr,1278510
HH000703,-10,__import__ + getattr,1473738
HH000703,-10,__import__ + getattr,1243118
HH000703,-10,__import__ + getattr,1358867
HH000703,-10,__import__ + getattr,1539733
HH000703,-10,__import__ + getattr,2439875
HH000703,-10,__import__ + getattr,1047053
HH000703,-10,__import__ + getattr,1323484
HH000703,-10,__import__ + getattr,1070032
HH000703,-10,__import__ + getattr,2439552
HH000703,-10,__import__ + getattr,1000308
HH000703,-10,__import__ + getattr,1190301
HH000703,-10,__import__ + getattr,932513
HH000703,-10,__import__ + getattr,1089417
HH000703,-10,__import__ + getattr,946348
HH000703,-10,__import__ + getattr,1014992
HH000703,-10,__import__ + getattr,1011040
HH000703,-10,__import__ + getattr,1033568
HH000703,-10,__import__ + getattr,2483981
HH000703,-10,__import__ + getattr,1078825
HH000703,-10,__import__ + getattr,1043750
HH000703,-10,__import__ + getattr,1014532
HH000703,-10,__import__ + getattr,957562
HH000703,-10,__import__ + getattr,1614371
HH000703,-10,__import__ + getattr,922261
HH000703,-10,__import__ + getattr,1057087
HH000703,-10,__import__ + getattr,964779
HH000703,-10,__import__ + getattr,984946
HH000703,-10,__import__ + getattr,1008159
HH000703,-10,__import__ + getattr,908507
HH000703,-10,__import__ + getattr,1256828
HH000703,-10,__import__ + getattr,1827529
HH000703,-10,__import__ + getattr,1022078
HH000703,-10,__import__ + getattr,1685714
HH000703,-10,__import__ + getattr,1790116
HH000703,-10,__import__ + getattr,1788158
HH000703,-10,__import__ + getattr,1996022
HH000703,-10,__import__ + getattr,1079454
HH000703,-10,__import__ + getattr,1124898
HH000703,-10,__import__ + getattr,2920453
HH000703,-10,__import__ + getattr,920145
HH000703,-10,__import__ + getattr,1587197
HH000703,-10,__import__ + getattr,2263424
HH000703,-10,__import__ + getattr,1445507
HH000703,-10,__import__ + getattr,1284369
HH000703,-10,__import__ + getattr,1872863
HH000703,-10,__import__ + getattr,1943684
HH000703,-10,__import__ + getattr,1228104
HH000703,-10,__import__ + getattr,2959819
HH000703,-10,__import__ + getattr,1085205
HH000703,-10,__import__ + getattr,1084292
HH000703,-10,__import__ + getattr,1103315
HH000703,-10,__import__ + getattr,1039392
HH000703,-10,__import__ + getattr,1246148
HH000703,-10,__import__ + getattr,2293550
HH000703,-10,__import__ + getattr,1373502
HH000703,-10,__import__ + getattr,1439103
HH000703,-10,__import__ + getattr,1074425
HH000703,-10,__import__ + getattr,986141
HH000703,-10,__import__ + getattr,1379912
HH000703,-10,__import__ + getattr,1197066
HH000703,-10,__import__ + getattr,1073337
HH000703,-10,__import__ + getattr,2832538
HH000703,-10,__import__ + getattr,1577055
HH000703,-10,__import__ + getattr,1270001
HH000703,-10,__import__ + getattr,1175519
HH000703,-10,__import__ + getattr,1384920
HH000703,-10,__import__ + getattr,2306138
HH000703,-10,__import__ + getattr,1120863
HH000703,-10,__import__ + getattr,1780988
HH000703,-10,__import__ + getattr,1041147
HH000703,-10,__import__ + getattr,1008673
HH000703,-10,__import__ + getattr,1630183
HH000703,-10,__import__ + getattr,1029148
HH000703,-10,__import__ + getattr,1092438
HH000703,-10,__import__ + getattr,1920076
HH000703,-10,__import__ + getattr,1562391
HH000703,-10,__import__ + getattr,1150496
HH000703,-10,__import__ + getattr,1200170
HH000703,-10,__import__ + getattr,1456502
HH000703,-10,__import__ + getattr,1184331
HH000703,-10,__import__ + getattr,1111133
HH000703,-10,__import__ + getattr,1258158
HH000703,-10,__import__ + getattr,2215864
HH000703,-10,__import__ + getattr,1629862
HH000703,-10,__import__ + getattr,1951284
HH000703,-10,__import__ + getattr,1606046
HH000703,-10,__import__ + getattr,1445153
HH000703,-10,__import__ + getattr,1353292
HH000703,-10,__import__ + getattr,3312315
HH000703,-10,__import__ + getattr,1142899
HH000703,-10,__import__ + getattr,1337931
HH000703,-10,__import__ + getattr,1021120
HH000703,-10,__import__ + getattr,1097062
HH000703,-10,__import__ + getattr,1426902
HH000703,-10,__import__ + getattr,2432498
HH000703,-10,__import__ + getattr,1698399
HH000703,-10,__import__ + getattr,1613225
HH000703,-10,__import__ + getattr,2372181
HH000703,-10,__import__ + getattr,1779304
HH000703,-10,__import__ + getattr,1934216
HH000703,-10,__import__ + getattr,1410114
HH000703,-10,__import__ + getattr,1384744
HH000703,-10,__import__ + getattr,1148716
HH000703,-10,__import__ + getattr,2358309
HH000703,-10,__import__ + getattr,1867013
HH000703,-10,__import__ + getattr,1111234
HH000703,-10,__import__ + getattr,1689450
HH000703,-10,__import__ + getattr,1388227
HH000703,-10,__import__ + getattr,1175175
HH000703,-10,__import__ + getattr,2486787
HH000703,-10,__import__ + getattr,1170124
HH000703,-10,__import__ + getattr,1174754
HH000703,-10,__import__ + getattr,1165023
HH000703,-10,__import__ + getattr,1145379
HH000703,-10,__import__ + getattr,1393773
HH000703,-10,__import__ + getattr,1098884
HH000703,-10,__import__ + getattr,2124206
HH000703,-10,__import__ + getattr,1793968
HH000703,-10,__import__ + getattr,1291116
HH000703,-10,__import__ + getattr,2888885
HH000703,-10,__import__ + getattr,1472808
HH000703,-10,__import__ + getattr,1175714
HH000703,-10,__import__ + getattr,1249624
HH000703,-10,__import__ + getattr,2023859
HH000703,-10,__import__ + getattr,1059502
HH000703,-10,__import__ + getattr,1286192
HH000703,-10,__import__ + getattr,1001923
HH000703,-10,__import__ + getattr,1412569
HH000703,-10,__import__ + getattr,1305739
HH000703,-10,__import__ + getattr,1197001
HH000703,-10,__import__ + getattr,1193223
HH000703,-10,__import__ + getattr,1015080
HH000703,-10,__import__ + getattr,1084728
HH000703,-10,__import__ + getattr,2016078
HH000703,-10,__import__ + getattr,1213855
HH000703,-10,__import__ + getattr,1459262
HH000703,-10,__import__ + getattr,1527842
HH000703,-10,__import__ + getattr,1199011
HH000703,-10,__import__ + getattr,2562665
HH000703,-10,__import__ + getattr,1106233
HH000703,-10,__import__ + getattr,1719987
HH000703,-10,__import__ + getattr,1976061
HH000703,-10,__import__ + getattr,2399181
HH000703,-10,__import__ + getattr,2103660
HH000703,-10,__import__ + getattr,1762614
HH000703,-10,__import__ + getattr,2480981
HH000703,-10,__import__ + getattr,2257623
HH000703,-10,__import__ + getattr,1243829
HH000703,-10,__import__ + getattr,2700816
HH000703,-10,__import__ + getattr,2071894
HH000703,-10,__import__ + getattr,1261617
HH000703,-10,__import__ + getattr,1279545
HH000703,-10,__import__ + getattr,2671605
HH000703,-10,__import__ + getattr,2993189
HH000703,-10,__import__ + getattr,2649622
HH000703,-10,__import__ + getattr,1918665
HH000703,-10,__import__ + getattr,1094843
HH000703,-10,__import__ + getattr,1029845
HH000703,-10,__import__ + getattr,2012594
HH000703,-10,__import__ + getattr,1272892
HH000703,-10,__import__ + getattr,1748981
HH000703,-10,__import__ + getattr,1678281
HH000703,-10,__import__ + getattr,3094381
HH000703,-10,__import__ + getattr,1478778
HH000703,-10,__import__ + getattr,1396495
HH000703,-10,__import__ + getattr,2627259
HH000703,-10,__import__ + getattr,1828212
HH000703,-10,__import__ + getattr,2526848
HH000703,-10,__import__ + getattr,2348313
HH000703,-10,__import__ + getattr,2889480
HH000703,-10,__import__ + getattr,1931034
HH000703,-10,__import__ + getattr,2626001
HH000703,-10,__import__ + getattr,1435871
HH000703,-10,__import__ + getattr,1645489
HH000703,-10,__import__ + getattr,2526185
HH000703,-10,__import__ + getattr,1700362
HH000703,-10,__import__ + getattr,1561380
HH000703,-10,__import__ + getattr,2508691
HH000703,-10,__import__ + getattr,2464970
HH000703,-10,__import__ + getattr,4012653
HH000703,-10,__import__ + getattr,1911659
HH000703,-10,__import__ + getattr,1427714
HH000703,-10,__import__ + getattr,3132203
HH000703,-10,__import__ + getattr,2058351
HH000703,-10,__import__ + getattr,2301773
HH000703,-10,__import__ + getattr,1969721
HH000703,-10,__import__ + getattr,1798796
HH000703,-10,__import__ + getattr,1580093
HH000703,-10,__import__ + getattr,1163103
HH000703,-10,__import__ + getattr,1021450
HH000703,-10,__import__ + getattr,2351817
HH000703,-10,__import__ + getattr,1127771
HH000703,-10,__import__ + getattr,1036478
HH000703,-10,__import__ + getattr,1028210
HH000703,-10,__import__ + getattr,1146949
HH000703,-10,__import__ + getattr,1047296
HH000703,-10,__import__ + getattr,2616001
HH000703,-10,__import__ + getattr,1230637
HH000703,-10,__import__ + getattr,1348062
HH000703,-10,__import__ + getattr,1364049
HH000703,-10,__import__ + getattr,2449111
HH000703,-10,__import__ + getattr,1271135
HH000703,-10,__import__ + getattr,2326699
HH000703,-10,__import__ + getattr,1481829
HH000703,-10,__import__ + getattr,1568375
HH000703,-10,__import__ + getattr,1782273
HH000703,-10,__import__ + getattr,1837627
HH000703,-10,__import__ + getattr,1481492
HH000703,-10,__import__ + getattr,2512780
HH000703,-10,__import__ + getattr,1558709
HH000703,-10,__import__ + getattr,2508783
HH000703,-10,__import__ + getattr,4637597
HH000703,-10,__import__ + getattr,5946516
HH000703,-10,__import__ + getattr,4423520
HH000703,-10,__import__ + getattr,4492906
HH000703,-10,__import__ + getattr,3131201
HH000703,-10,__import__ + getattr,4658267
HH000703,-10,__import__ + getattr,3699776
HH000703,-10,__import__ + getattr,4054888
HH000703,-10,__import__ + getattr,3781115
HH000703,-10,__import__ + getattr,1941121
HH000703,-10,__import__ + getattr,2307504
HH000703,-10,__import__ + getattr,1899970
HH000703,-10,__import__ + getattr,2106199
HH000703,-10,__import__ + getattr,2326416
HH000703,-10,__import__ + getattr,3014376
HH000703,-10,__import__ + getattr,1570077
HH000703,-10,__import__ + getattr,3138241
HH000703,-10,__import__ + getattr,1999268
HH000703,-10,__import__ + getattr,1770558
HH000703,-10,__import__ + getattr,1701047
HH000703,-10,__import__ + getattr,1652264
HH000703,-10,__import__ + getattr,2567300
HH000703,-10,__import__ + getattr,2078247
HH000703,-10,__import__ + getattr,2084916
HH000703,-10,__import__ + getattr,1640402
HH000703,-10,__import__ + getattr,2305492
HH000703,-10,__import__ + getattr,1697691
HH000703,-10,__import__ + getattr,3459656
HH000703,-10,__import__ + getattr,2671646
HH000703,-10,__import__ + getattr,3103504
HH000703,-10,__import__ + getattr,3262246
HH000703,-10,__import__ + getattr,1587578
HH000703,-10,__import__ + getattr,2026333
HH000703,-10,__import__ + getattr,1672612
HH000703,-10,__import__ + getattr,1021068
HH000703,-10,__import__ + getattr,1457021
HH000703,-10,__import__ + getattr,1605446
HH000703,-10,__import__ + getattr,1350860
HH000703,-10,__import__ + getattr,981275
HH000703,-10,__import__ + getattr,1004495
HH000703,-10,__import__ + getattr,1035269
HH000703,-10,__import__ + getattr,939065
HH000703,-10,__import__ + getattr,1291710
HH000703,-10,__import__ + getattr,2119169
HH000703,-10,__import__ + getattr,1563026
HH000703,-10,__import__ + getattr,1206459
HH000703,-10,__import__ + getattr,2969257
HH000703,-10,__import__ + getattr,2543738
HH000703,-10,__import__ + getattr,1424709
HH000703,-10,__import__ + getattr,1843499
HH000703,-10,__import__ + getattr,1198194
HH000703,-10,__import__ + getattr,3221359
HH000703,-10,__import__ + getattr,1271346
HH000703,-10,__import__ + getattr,1194801
HH000703,-10,__import__ + getattr,1265220
HH000703,-10,__import__ + getattr,1587973
HH000703,-10,__import__ + getattr,1215757
HH000703,-10,__import__ + getattr,989209
HH000703,-10,__import__ + getattr,1803106
HH000703,-10,__import__ + getattr,2277844
HH000703,-10,__import__ + getattr,2008139
HH000703,-10,__import__ + getattr,1420981
HH000703,-10,__import__ + getattr,2346598
HH000703,-10,__import__ + getattr,1495156
HH000703,-10,__import__ + getattr,1106211
HH000703,-10,__import__ + getattr,1236798
HH000703,-10,__import__ + getattr,2717620
HH000703,-10,__import__ + getattr,1346429
HH000703,-10,__import__ + getattr,1193301
HH000703,-10,__import__ + getattr,2003344
HH000703,-10,__import__ + getattr,1680831
HH000703,-10,__import__ + getattr,1090863
HH000703,-10,__import__ + getattr,1236795
HH000703,-10,__import__ + getattr,2882959
HH000703,-10,__import__ + getattr,1158257
HH000703,-10,__import__ + getattr,2831480
HH000703,-10,__import__ + getattr,1316352
HH000703,-10,__import__ + getattr,1855504
HH000703,-10,__import__ + getattr,2083673
HH000703,-10,__import__ + getattr,2632122
HH000703,-10,__import__ + getattr,1228053
HH000703,-10,__import__ + getattr,1317936
HH000703,-10,__import__ + getattr,1768296
HH000703,-10,__import__ + getattr,1208643
HH000703,-10,__import__ + getattr,1610375
HH000703,-10,__import__ + getattr,1366460
HH000703,-10,__import__ + getattr,1545076
HH000703,-10,__import__ + getattr,1209369
HH000703,-10,__import__ + getattr,1533089
HH000703,-10,__import__ + getattr,1296753
HH000703,-10,__import__ + getattr,1043017
HH000703,-10,__import__ + getattr,1249944
HH000703,-10,__import__ + getattr,2051081
HH000703,-10,__import__ + getattr,2186747
HH000703,-10,__import__ + getattr,1940234
HH000703,-10,__import__ + getattr,1306129
HH000703,-10,__import__ + getattr,3055279
HH000703,-10,__import__ + getattr,1859540
HH000703,-10,__import__ + getattr,1107081
HH000703,-10,__import__ + getattr,1210316
HH000703,-10,__import__ + getattr,1737016
HH000703,-10,__import__ + getattr,988926
HH000703,-10,__import__ + getattr,1352385
HH000703,-10,__import__ + getattr,1920497
HH000703,-10,__import__ + getattr,1742027
HH000703,-10,__import__ + getattr,1085579
HH000703,-10,__import__ + getattr,2235800
HH000703,-10,__import__ + getattr,1258130
HH000703,-10,__import__ + getattr,1492799
HH000703,-10,__import__ + getattr,1150772
HH000703,-10,__import__ + getattr,1252268
HH000703,-10,__import__ + getattr,992673
HH000703,-10,__import__ + getattr,1019794
HH000703,-10,__import__ + getattr,1181137
HH000703,-10,__import__ + getattr,1434396
HH000703,-10,__import__ + getattr,1503613
HH000703,-10,__import__ + getattr,1043293
HH000703,-10,__import__ + getattr,1171366
HH000703,-10,__import__ + getattr,2350308
HH000703,-10,__import__ + getattr,1260035
HH000703,-10,__import__ + getattr,1631719
HH000703,-10,__import__ + getattr,1397003
HH000703,-10,__import__ + getattr,1016739
HH000703,-10,__import__ + getattr,1876656
HH000703,-10,__import__ + getattr,937708
HH000703,-10,__import__ + getattr,1288542
HH000703,-10,__import__ + getattr,1338532
HH000703,-10,__import__ + getattr,969327
HH000703,-10,__import__ + getattr,1149571
HH000703,-10,__import__ + getattr,1775034
HH000703,-10,__import__ + getattr,1670554
HH000703,-10,__import__ + getattr,1334434
HH000703,-10,__import__ + getattr,1319879
HH000703,-10,__import__ + getattr,1306535
HH000703,-10,__import__ + getattr,1734319
HH000703,-10,__import__ + getattr,2584209
HH000703,-10,__import__ + getattr,1043820
HH000703,-10,__import__ + getattr,1816074
HH000703,-10,__import__ + getattr,2445148
HH000703,-10,__import__ + getattr,2533582
HH000703,-10,__import__ + getattr,1930547
HH000703,-10,__import__ + getattr,1162357
HH000703,-10,__import__ + getattr,1273326
HH000703,-10,__import__ + getattr,1705535
HH000703,-10,__import__ + getattr,2602863
HH000703,-10,__import__ + getattr,996143
HH000703,-10,__import__ + getattr,1403492
HH000703,-10,__import__ + getattr,1171526
HH000703,-10,__import__ + getattr,2625867
HH000703,-10,__import__ + getattr,1767722
HH000703,-10,__import__ + getattr,1448021
HH000703,-10,__import__ + getattr,2229529
HH000703,-10,__import__ + getattr,1901770
HH000703,-10,__import__ + getattr,3150202
HH000703,-10,__import__ + getattr,1964955
HH000703,-10,__import__ + getattr,1818824
HH000703,-10,__import__ + getattr,1134216
HH000703,-10,__import__ + getattr,1742060
HH000703,-10,__import__ + getattr,2500577
HH000703,-10,__import__ + getattr,2242925
HH000703,-10,__import__ + getattr,2886322
HH000703,-10,__import__ + getattr,3485411
HH000703,-10,__import__ + getattr,3579889
HH000703,-10,__import__ + getattr,1246299
HH000703,-10,__import__ + getattr,2216328
HH000703,-10,__import__ + getattr,2694012
HH000703,-10,__import__ + getattr,1583970
HH000703,-10,__import__ + getattr,3654448
HH000703,-10,__import__ + getattr,1671566
HH000703,-10,__import__ + getattr,2308051
HH000703,-10,__import__ + getattr,3224136
HH000703,-10,__import__ + getattr,1469617
HH000703,-10,__import__ + getattr,1530547
HH000703,-10,__import__ + getattr,3155712
HH000703,-10,__import__ + getattr,1715244
HH000703,-10,__import__ + getattr,3418740
HH000703,-10,__import__ + getattr,3653099
HH000703,-10,__import__ + getattr,2070690
HH000703,-10,__import__ + getattr,2580207
HH000703,-10,__import__ + getattr,1742037
HH000703,-10,__import__ + getattr,1721600
HH000703,-10,__import__ + getattr,1441984
HH000703,-10,__import__ + getattr,1835500
HH000703,-10,__import__ + getattr,1370101
HH000703,-10,__import__ + getattr,1405739
HH000703,-10,__import__ + getattr,2660611
HH000703,-10,__import__ + getattr,2510172
HH000703,-10,__import__ + getattr,1347908
HH000703,-10,__import__ + getattr,2207809
HH000703,-10,__import__ + getattr,1887485
HH000703,-10,__import__ + getattr,1820550
HH000703,-10,__import__ + getattr,1404613
HH000703,-10,__import__ + getattr,1297698
HH000703,-10,__import__ + getattr,1668409
HH000703,-10,__import__ + getattr,1356694
HH000703,-10,__import__ + getattr,3279593
HH000703,-10,__import__ + getattr,2019880
HH000703,-10,__import__ + getattr,4453916
HH000703,-10,__import__ + getattr,2191304
HH000703,-10,__import__ + getattr,1227308
HH000703,-10,__import__ + getattr,1202764
HH000703,-10,__import__ + getattr,1301104
HH000703,-10,__import__ + getattr,1789321
HH000703,-10,__import__ + getattr,1139351
HH000703,-10,__import__ + getattr,1047573
HH000703,-10,__import__ + getattr,1012214
HH000703,-10,__import__ + getattr,1476893
HH000703,-10,__import__ + getattr,3853766
HH000703,-10,__import__ + getattr,1822776
HH000703,-10,__import__ + getattr,1224284
HH000703,-10,__import__ + getattr,1855986
HH000703,-10,__import__ + getattr,1930475
HH000703,-10,__import__ + getattr,1225047
HH000703,-10,__import__ + getattr,1086329
HH000703,-10,__import__ + getattr,2285646
HH000703,-10,__import__ + getattr,1375858
HH000703,-10,__import__ + getattr,1804590
HH000703,-10,__import__ + getattr,1818638
HH000703,-10,__import__ + getattr,2422507
HH000703,-10,__import__ + getattr,1255382
HH000703,-10,__import__ + getattr,1456477
HH000703,-10,__import__ + getattr,1626320
HH000703,-10,__import__ + getattr,1471810
HH000703,-10,__import__ + getattr,1217973
HH000703,-10,__import__ + getattr,2425380
HH000703,-10,__import__ + getattr,2136596
HH000703,-10,__import__ + getattr,1119914
HH000703,-10,__import__ + getattr,2891698
HH000703,-10,__import__ + getattr,1367702
HH000703,-10,__import__ + getattr,1241684
HH000703,-10,__import__ + getattr,1033559
HH000703,-10,__import__ + getattr,3396478
HH000703,-10,__import__ + getattr,1192791
HH000703,-10,__import__ + getattr,1215037
HH000703,-10,__import__ + getattr,1105033
HH000703,-10,__import__ + getattr,1184007
HH000703,-10,__import__ + getattr,1856264
HH000703,-10,__import__ + getattr,3010752
HH000703,-10,__import__ + getattr,1074000
HH000703,-10,__import__ + getattr,1016358
HH000703,-10,__import__ + getattr,1298259
HH000703,-10,__import__ + getattr,1480744
HH000703,-10,__import__ + getattr,1297797
HH000703,-10,__import__ + getattr,1393304
HH000703,-10,__import__ + getattr,1036887
HH000703,-10,__import__ + getattr,1073291
HH000703,-10,__import__ + getattr,998606
HH000703,-10,__import__ + getattr,1103292
HH000703,-10,__import__ + getattr,1054955
HH000703,-10,__import__ + getattr,1935517
HH000703,-10,__import__ + getattr,916100
HH000703,-10,__import__ + getattr,2151794
HH000703,-10,__import__ + getattr,2765003
HH000703,-10,__import__ + getattr,2211771
HH000703,-10,__import__ + getattr,2204982
HH000703,-10,__import__ + getattr,1033904
HH000703,-10,__import__ + getattr,1024748
HH000703,-10,__import__ + getattr,2046386
HH000703,-10,__import__ + getattr,2479922
HH000703,-10,__import__ + getattr,1152264
HH000703,-10,__import__ + getattr,2566997
HH000703,-10,__import__ + getattr,1207095
HH000703,-10,__import__ + getattr,2316191
HH000703,-10,__import__ + getattr,1135981
HH000703,-10,__import__ + getattr,1412527
HH000703,-10,__import__ + getattr,1707533
HH000703,-10,__import__ + getattr,922666
HH000703,-10,__import__ + getattr,1021919
HH000703,-10,__import__ + getattr,1106013
HH000703,-10,__import__ + getattr,1661347
HH000703,-10,__import__ + getattr,1876964
HH000703,-10,__import__ + getattr,1750910
HH000703,-10,__import__ + getattr,1157789
HH000703,-10,__import__ + getattr,1553425
HH000703,-10,__import__ + getattr,992551
HH000703,-10,__import__ + getattr,1830961
HH000703,-10,__import__ + getattr,1059609
HH000703,-10,__import__ + getattr,1059206
HH000703,-10,__import__ + getattr,991388
HH000703,-10,__import__ + getattr,1671370
HH000703,-10,__import__ + getattr,1202304
HH000703,-10,__import__ + getattr,1500895
HH000703,-10,__import__ + getattr,1366432
HH000703,-10,__import__ + getattr,1208677
HH000703,-10,__import__ + getattr,1482096
HH000703,-10,__import__ + getattr,2531629
HH000703,-10,__import__ + getattr,1716474
HH000703,-10,__import__ + getattr,1067707
HH000703,-10,__import__ + getattr,1174669
HH000703,-10,__import__ + getattr,1345895
HH000703,-10,__import__ + getattr,1139162
HH000703,-10,__import__ + getattr,2158608
HH000703,-10,__import__ + getattr,2379618
HH000703,-10,__import__ + getattr,1434542
HH000703,-10,__import__ + getattr,1630562
HH000703,-10,__import__ + getattr,1199067
HH000703,-10,__import__ + getattr,1050094
HH000703,-10,__import__ + getattr,2305738
HH000703,-10,__import__ + getattr,1044608
HH000703,-10,__import__ + getattr,1030322
HH000703,-10,__import__ + getattr,1232610
HH000703,-10,__import__ + getattr,1341856
HH000703,-10,__import__ + getattr,2894576
HH000703,-10,__import__ + getattr,1873225
HH000703,-10,__import__ + getattr,4466452
HH000703,-10,__import__ + getattr,4295616
HH000703,-10,__import__ + getattr,1251610
HH000703,-10,__import__ + getattr,3117224
HH000703,-10,__import__ + getattr,3734694
HH000703,-10,__import__ + getattr,1649172
HH000703,-10,__import__ + getattr,3125327
HH000703,-10,__import__ + getattr,3123962
HH000703,-10,__import__ + getattr,1509106
HH000703,-10,__import__ + getattr,1413922
HH000703,-10,__import__ + getattr,2928701
HH000703,-10,__import__ + getattr,2667519
HH000703,-10,__import__ + getattr,2336434
HH000703,-10,__import__ + getattr,1363176
HH000703,-10,__import__ + getattr,2232802
HH000703,-10,__import__ + getattr,1125826
HH000703,-10,__import__ + getattr,1528277
HH000703,-10,__import__ + getattr,1273352
HH000703,-10,__import__ + getattr,1097334
HH000703,-10,__import__ + getattr,1231351
HH000703,-10,__import__ + getattr,2529058
HH000703,-10,__import__ + getattr,2645589
HH000703,-10,__import__ + getattr,2147978
HH000703,-10,__import__ + getattr,2079442
HH000703,-10,__import__ + getattr,1177103
HH000703,-10,__import__ + getattr,1636891
HH000703,-10,__import__ + getattr,1636398
HH000703,-10,__import__ + getattr,1109911
HH000703,-10,__import__ + getattr,1204840
HH000703,-10,__import__ + getattr,1126203
HH000703,-10,__import__ + getattr,1340149
HH000703,-10,__import__ + getattr,1544346
HH000703,-10,__import__ + getattr,1244032
HH000703,-10,__import__ + getattr,1447195
HH000703,-10,__import__ + getattr,1405099
HH000703,-10,__import__ + getattr,1999527
HH000703,-10,__import__ + getattr,1223834
HH000703,-10,__import__ + getattr,1874514
HH000703,-10,__import__ + getattr,1181893
HH000703,-10,__import__ + getattr,2178000
HH000703,-10,__import__ + getattr,1087359
HH000703,-10,__import__ + getattr,1379967
HH000703,-10,__import__ + getattr,1105044
HH000703,-10,__import__ + getattr,1310852
HH000703,-10,__import__ + getattr,1227672
HH000703,-10,__import__ + getattr,1699863
HH000703,-10,__import__ + getattr,996562
HH000703,-10,__import__ + getattr,1691931
HH000703,-10,__import__ + getattr,1653790
HH000703,-10,__import__ + getattr,1141589
HH000703,-10,__import__ + getattr,1383847
HH000703,-10,__import__ + getattr,1432665
HH000703,-10,__import__ + getattr,1188205
HH000703,-10,__import__ + getattr,1273525
HH000703,-10,__import__ + getattr,2230689
HH000703,-10,__import__ + getattr,1168519
HH000703,-10,__import__ + getattr,1892527
HH000703,-10,__import__ + getattr,2610005
HH000703,-10,__import__ + getattr,1396970
HH000703,-10,__import__ + getattr,2118669
HH000703,-10,__import__ + getattr,12979099
HH000703,-10,__import__ + getattr,13682530
HH000703,-10,__import__ + getattr,2089046
HH000703,-10,__import__ + getattr,2613848
HH000703,-10,__import__ + getattr,2155610
HH000703,-10,__import__ + getattr,1476522
HH000703,-10,__import__ + getattr,1841538
HH000703,-10,__import__ + getattr,1227865
HH000703,-10,__import__ + getattr,1362599
HH000703,-10,__import__ + getattr,2452343
HH000703,-10,__import__ + getattr,1453692
HH000703,-10,__import__ + getattr,1401609
HH000703,-10,__import__ + getattr,2759162
HH000703,-10,__import__ + getattr,3617142
HH000703,-10,__import__ + getattr,3200455
HH000703,-10,__import__ + getattr,2069860
HH000703,-10,__import__ + getattr,1564456
HH000703,-10,__import__ + getattr,1673257
HH000703,-10,__import__ + getattr,2393160
HH000703,-10,__import__ + getattr,3294709
HH000703,-10,__import__ + getattr,1780713
HH000703,-10,__import__ + getattr,1802292
HH000703,-10,__import__ + getattr,1608681
HH000703,-10,__import__ + getattr,1836158
HH000703,-10,__import__ + getattr,2036768
HH000703,-10,__import__ + getattr,1152866
HH000703,-10,__import__ + getattr,1200584
HH000703,-10,__import__ + getattr,1622293
HH000703,-10,__import__ + getattr,1247840
HH000703,-10,__import__ + getattr,1385676
HH000703,-10,__import__ + getattr,2150369
HH000703,-10,__import__ + getattr,1346855
HH000703,-10,__import__ + getattr,1345877
HH000703,-10,__import__ + getattr,1484482
HH000703,-10,__import__ + getattr,2027329
HH000703,-10,__import__ + getattr,1170685
HH000703,-10,__import__ + getattr,1239740
HH000703,-10,__import__ + getattr,1474744
HH000703,-10,__import__ + getattr,2863498
HH000703,-10,__import__ + getattr,2268486
HH000703,-10,__import__ + getattr,2459851
HH000703,-10,__import__ + getattr,1240532
HH000703,-10,__import__ + getattr,2535736
HH000703,-10,__import__ + getattr,1243579
HH000703,-10,__import__ + getattr,1564191
HH000703,-10,__import__ + getattr,1377416
HH000703,-10,__import__ + getattr,1582366
HH000703,-10,__import__ + getattr,2700953
HH000703,-10,__import__ + getattr,1299116
HH000703,-10,__import__ + getattr,2585511
HH000703,-10,__import__ + getattr,1767138
HH000703,-10,__import__ + getattr,2994205
HH000703,-10,__import__ + getattr,1283876
HH000703,-10,__import__ + getattr,1352167
HH000703,-10,__import__ + getattr,2023194
HH000703,-10,__import__ + getattr,3024675
HH000703,-10,__import__ + getattr,1446836
HH000703,-10,__import__ + getattr,1114426
HH000703,-10,__import__ + getattr,1410933
HH000703,-10,__import__ + getattr,1392438
HH000703,-10,__import__ + getattr,1572525
HH000703,-10,__import__ + getattr,1159303
HH000703,-10,__import__ + getattr,1186836
HH000703,-10,__import__ + getattr,1226656
HH000703,-10,__import__ + getattr,3232115
HH000703,-10,__import__ + getattr,2155443
HH000703,-10,__import__ + getattr,1776329
HH000703,-10,__import__ + getattr,2512302
HH000703,-10,__import__ + getattr,1438921
HH000703,-10,__import__ + getattr,1460162
HH000703,-10,__import__ + getattr,1551292
HH000703,-10,__import__ + getattr,1050524
HH000703,-10,__import__ + getattr,1788357
HH000703,-10,__import__ + getattr,1193074
HH000703,-10,__import__ + getattr,1922874
HH000703,-10,__import__ + getattr,1181932
HH000703,-10,__import__ + getattr,1347248
HH000703,-10,__import__ + getattr,1368062
HH000703,-10,__import__ + getattr,3087295
HH000703,-10,__import__ + getattr,2148533
HH000703,-10,__import__ + getattr,1399534
HH000703,-10,__import__ + getattr,1381144
HH000703,-10,__import__ + getattr,1246715
HH000703,-10,__import__ + getattr,2352285
HH000703,-10,__import__ + getattr,1579070
HH000703,-10,__import__ + getattr,1139726
HH000703,-10,__import__ + getattr,1295530
HH000703,-10,__import__ + getattr,2120110
HH000703,-10,__import__ + getattr,2037599
HH000703,-10,__import__ + getattr,1117119
HH000703,-10,__import__ + getattr,1709152
HH000703,-10,__import__ + getattr,3290328
HH000703,-10,__import__ + getattr,1718743
HH000703,-10,__import__ + getattr,1364146
HH000703,-10,__import__ + getattr,1841081
HH000703,-10,__import__ + getattr,2187310
HH000703,-10,__import__ + getattr,1294797
HH000703,-10,__import__ + getattr,1199814
HH000703,-10,__import__ + getattr,1553192
HH000703,-10,__import__ + getattr,1646440
HH000703,-10,__import__ + getattr,1350827
HH000703,-10,__import__ + getattr,1511466
HH000703,-10,__import__ + getattr,1782980
HH000703,-10,__import__ + getattr,2070851
HH000703,-10,__import__ + getattr,2350130
HH000703,-10,__import__ + getattr,1597224
HH000703,-10,__import__ + getattr,1643442
HH000703,-10,__import__ + getattr,1999513
HH000703,-10,__import__ + getattr,2861049
HH000703,-10,__import__ + getattr,1091371
HH000703,-10,__import__ + getattr,2656529
HH000703,-10,__import__ + getattr,1177314
HH000703,-10,__import__ + getattr,1388178
HH000703,-10,__import__ + getattr,1132524
HH000703,-10,__import__ + getattr,2283048
HH000703,-10,__import__ + getattr,1183639
HH000703,-10,__import__ + getattr,1425938
HH000703,-10,__import__ + getattr,2151946
HH000703,-10,__import__ + getattr,2239141
HH000703,-10,__import__ + getattr,1214724
HH000703,-10,__import__ + getattr,3475420
HH000703,-10,__import__ + getattr,1420249
HH000703,-10,__import__ + getattr,1765796
HH000703,-10,__import__ + getattr,1155398
HH000703,-10,__import__ + getattr,1260527
HH000703,-10,__import__ + getattr,1345011
HH000703,-10,__import__ + getattr,1381226
HH000703,-10,__import__ + getattr,1393499
HH000703,-10,__import__ + getattr,1038369
HH000703,-10,__import__ + getattr,1214616
HH000703,-10,__import__ + getattr,1302910
HH000703,-10,__import__ + getattr,1262584
HH000703,-10,__import__ + getattr,1165908
HH000703,-10,__import__ + getattr,1467150
HH000703,-10,__import__ + getattr,1139415
HH000703,-10,__import__ + getattr,1011700
HH000703,-10,__import__ + getattr,1285984
HH000703,-10,__import__ + getattr,1139241
HH000703,-10,__import__ + getattr,2152220
HH000703,-10,__import__ + getattr,1489349
HH000703,-10,__import__ + getattr,2052637
HH000703,-10,__import__ + getattr,1289687
HH000703,-10,__import__ + getattr,1824177
HH000703,-10,__import__ + getattr,2334059
HH000703,-10,__import__ + getattr,1047319
HH000703,-10,__import__ + getattr,2972787
HH000703,-10,__import__ + getattr,1743961
HH000703,-10,__import__ + getattr,1161532
HH000703,-10,__import__ + getattr,1407545
HH000703,-10,__import__ + getattr,1651052
HH000703,-10,__import__ + getattr,1426862
HH000703,-10,__import__ + getattr,2175335
HH000703,-10,__import__ + getattr,1848466
HH000703,-10,__import__ + getattr,1537541
HH000703,-10,__import__ + getattr,1632394
HH000703,-10,__import__ + getattr,1495265
HH000703,-10,__import__ + getattr,1383887
HH000703,-10,__import__ + getattr,1604078
HH000703,-10,__import__ + getattr,1694227
HH000703,-10,__import__ + getattr,1702424
HH000703,-10,__import__ + getattr,2757593
HH000703,-10,__import__ + getattr,2006246
HH000703,-10,__import__ + getattr,2562253
HH000703,-10,__import__ + getattr,1289495
HH000703,-10,__import__ + getattr,1421506
HH000703,-10,__import__ + getattr,2498189
HH000703,-10,__import__ + getattr,1520982
HH000703,-10,__import__ + getattr,1534010
HH000703,-10,__import__ + getattr,1272541
HH000703,-10,__import__ + getattr,2619025
HH000703,-10,__import__ + getattr,1324104
HH000703,-10,__import__ + getattr,1732002
HH000703,-10,__import__ + getattr,1256893
HH000703,-10,__import__ + getattr,1293534
HH000703,-10,__import__ + getattr,2772764
HH000703,-10,__import__ + getattr,2232277
HH000703,-10,__import__ + getattr,5083864
HH000703,-10,__import__ + getattr,1807226
HH000703,-10,__import__ + getattr,3385505
HH000703,-10,__import__ + getattr,3459965
HH000703,-10,__import__ + getattr,1594763
HH000703,-10,__import__ + getattr,2509170
HH000703,-10,__import__ + getattr,1401347
HH000703,-10,__import__ + getattr,1114971
HH000703,-10,__import__ + getattr,2232742
HH000703,-10,__import__ + getattr,1460272
HH000703,-10,__import__ + getattr,1224985
HH000703,-10,__import__ + getattr,3025020
HH000703,-10,__import__ + getattr,1460773
HH000703,-10,__import__ + getattr,2674488
HH000703,-10,__import__ + getattr,1335601
HH000703,-10,__import__ + getattr,4279629
HH000703,-10,__import__ + getattr,1028147
HH000703,-10,__import__ + getattr,1155399
HH000703,-10,__import__ + getattr,1446415
HH000703,-10,__import__ + getattr,1888570
HH000703,-10,__import__ + getattr,979167
HH000703,-10,__import__ + getattr,969811
HH000703,-10,__import__ + getattr,1032667
HH000703,-10,__import__ + getattr,1139392
HH000703,-10,__import__ + getattr,1066735
HH000703,-10,__import__ + getattr,1487475
HH000703,-10,__import__ + getattr,1101665
HH000703,-10,__import__ + getattr,1277297
HH000703,-10,__import__ + getattr,1708630
HH000703,-10,__import__ + getattr,1476123
HH000703,-10,__import__ + getattr,1182407
HH000703,-10,__import__ + getattr,1594723
HH000703,-10,__import__ + getattr,1817267
HH000703,-10,__import__ + getattr,1682321
HH000703,-10,__import__ + getattr,1390359
HH000703,-10,__import__ + getattr,1101845
HH000703,-10,__import__ + getattr,1035470
HH000703,-10,__import__ + getattr,1267713
HH000703,-10,__import__ + getattr,1425742
HH000703,-10,__import__ + getattr,1109996
HH000703,-10,__import__ + getattr,1096315
HH000703,-10,__import__ + getattr,1376009
HH000703,-10,__import__ + getattr,1506729
HH000703,-10,__import__ + getattr,1781199
HH000703,-10,__import__ + getattr,1756190
HH000703,-10,__import__ + getattr,1845754
HH000703,-10,__import__ + getattr,2720664
HH000703,-10,__import__ + getattr,1525329
HH000703,-10,__import__ + getattr,1830170
HH000703,-10,__import__ + getattr,2506627
HH000703,-10,__import__ + getattr,1348212
HH000703,-10,__import__ + getattr,1054672
HH000703,-10,__import__ + getattr,1231260
HH000703,-10,__import__ + getattr,2622789
HH000703,-10,__import__ + getattr,2074764
HH000703,-10,__import__ + getattr,1740912
HH000703,-10,__import__ + getattr,1685740
HH000703,-10,__import__ + getattr,2114494
HH000703,-10,__import__ + getattr,1125691
HH000703,-10,__import__ + getattr,1879011
HH000703,-10,__import__ + getattr,1274689
HH000703,-10,__import__ + getattr,1995345
HH000703,-10,__import__ + getattr,1077226
HH000703,-10,__import__ + getattr,1130236
HH000703,-10,__import__ + getattr,2108867
HH000703,-10,__import__ + getattr,1484236
HH000703,-10,__import__ + getattr,1280985
HH000703,-10,__import__ + getattr,1004966
HH000703,-10,__import__ + getattr,1248185
HH000703,-10,__import__ + getattr,1168495
HH000703,-10,__import__ + getattr,1977132
HH000703,-10,__import__ + getattr,1817317
HH000703,-10,__import__ + getattr,1567176
HH000703,-10,__import__ + getattr,1008379
HH000703,-10,__import__ + getattr,1697906
HH000703,-10,__import__ + getattr,1272730
HH000703,-10,__import__ + getattr,2114410
HH000703,-10,__import__ + getattr,1954668
HH000703,-10,__import__ + getattr,2127038
HH000703,-10,__import__ + getattr,2666139
HH000703,-10,__import__ + getattr,1830408
HH000703,-10,__import__ + getattr,2988038
HH000703,-10,__import__ + getattr,2518249
HH000703,-10,__import__ + getattr,1059870
HH000703,-10,__import__ + getattr,1043991
HH000703,-10,__import__ + getattr,1221597
HH000703,-10,__import__ + getattr,1009598
HH000703,-10,__import__ + getattr,2318099
HH000703,-10,__import__ + getattr,1070253
HH000703,-10,__import__ + getattr,1248483
HH000703,-10,__import__ + getattr,1602280
HH000703,-10,__import__ + getattr,1714707
HH000703,-10,__import__ + getattr,3814243
HH000703,-10,__import__ + getattr,3994928
HH000703,-10,__import__ + getattr,3418609
HH000703,-10,__import__ + getattr,2093096
HH000703,-10,__import__ + getattr,2328000
HH000703,-10,__import__ + getattr,2599304
HH000703,-10,__import__ + getattr,2165418
HH000703,-10,__import__ + getattr,1746590
HH000703,-10,__import__ + getattr,1671039
HH000703,-10,__import__ + getattr,2164146
HH000703,-10,__import__ + getattr,3612961
HH000703,-10,__import__ + getattr,3125014
HH000703,-10,__import__ + getattr,4118491
HH000703,-10,__import__ + getattr,2041482
HH000703,-10,__import__ + getattr,2064870
HH000703,-10,__import__ + getattr,2369318
HH000703,-10,__import__ + getattr,2736237
HH000703,-10,__import__ + getattr,2667719
HH000703,-10,__import__ + getattr,2693476
HH000703,-10,__import__ + getattr,4174338
HH000703,-10,__import__ + getattr,2778412
HH000703,-10,__import__ + getattr,3165904
HH000703,-10,__import__ + getattr,2566876
HH000703,-10,__import__ + getattr,6759836
HH000703,-10,__import__ + getattr,4061707
HH000703,-10,__import__ + getattr,1540132
HH000703,-10,__import__ + getattr,4397577
HH000703,-10,__import__ + getattr,1877730
HH000703,-10,__import__ + getattr,2344869
HH000703,-10,__import__ + getattr,2742750
HH000703,-10,__import__ + getattr,2234862
HH000703,-10,__import__ + getattr,1788352
HH000703,-10,__import__ + getattr,2660885
HH000703,-10,__import__ + getattr,1443304
HH000703,-10,__import__ + getattr,3255880
HH000703,-10,__import__ + getattr,2214211
HH000703,-10,__import__ + getattr,1688063
HH000703,-10,__import__ + getattr,2501154
HH000703,-10,__import__ + getattr,2168488
HH000703,-10,__import__ + getattr,1693037
HH000703,-10,__import__ + getattr,2284458
HH000703,-10,__import__ + getattr,1453463
HH000703,-10,__import__ + getattr,2314148
HH000703,-10,__import__ + getattr,2106452
HH000703,-10,__import__ + getattr,1434233
HH000703,-10,__import__ + getattr,4363369
HH000703,-10,__import__ + getattr,1575716
HH000703,-10,__import__ + getattr,3806455
HH000703,-10,__import__ + getattr,3819255
HH000703,-10,__import__ + getattr,1895612
HH000703,-10,__import__ + getattr,2548528
HH000703,-10,__import__ + getattr,1937292
HH000703,-10,__import__ + getattr,3957832
HH000703,-10,__import__ + getattr,3312942
HH000703,-10,__import__ + getattr,3684327
HH000703,-10,__import__ + getattr,2944159
HH000703,-10,__import__ + getattr,3180917
HH000703,-10,__import__ + getattr,1398741
HH000703,-10,__import__ + getattr,3569252
HH000703,-10,__import__ + getattr,1460943
HH000703,-10,__import__ + getattr,1473619
HH000703,-10,__import__ + getattr,1572642
HH000703,-10,__import__ + getattr,1216933
HH000703,-10,__import__ + getattr,2932615
HH000703,-10,__import__ + getattr,1155496
HH000703,-10,__import__ + getattr,1914849
HH000703,-10,__import__ + getattr,1474425
HH000703,-10,__import__ + getattr,996650
HH000703,-10,__import__ + getattr,1826438
HH000703,-10,__import__ + getattr,1958858
HH000703,-10,__import__ + getattr,2076413
HH000703,-10,__import__ + getattr,2374759
HH000703,-10,__import__ + getattr,1359086
HH000703,-10,__import__ + getattr,1496212
HH000703,-10,__import__ + getattr,1245268
HH000703,-10,__import__ + getattr,1939532
HH000703,-10,__import__ + getattr,1198959
HH000703,-10,__import__ + getattr,1266599
HH000703,-10,__import__ + getattr,2163831
HH000703,-10,__import__ + getattr,1039205
HH000703,-10,__import__ + getattr,1451249
HH000703,-10,__import__ + getattr,2037497
HH000703,-10,__import__ + getattr,1132281
HH000703,-10,__import__ + getattr,1221787
HH000703,-10,__import__ + getattr,1231953
HH000703,-10,__import__ + getattr,1268314
HH000703,-10,__import__ + getattr,2678746
HH000703,-10,__import__ + getattr,2328348
HH000703,-10,__import__ + getattr,1307697
HH000703,-10,__import__ + getattr,1073460
HH000703,-10,__import__ + getattr,3013291
HH000703,-10,__import__ + getattr,1375757
HH000703,-10,__import__ + getattr,1578025
HH000703,-10,__import__ + getattr,1691973
HH000703,-10,__import__ + getattr,1755839
HH000703,-10,__import__ + getattr,1972165
HH000703,-10,__import__ + getattr,1656383
HH000703,-10,__import__ + getattr,1330846
HH000703,-10,__import__ + getattr,1668760
HH000703,-10,__import__ + getattr,2888963
HH000703,-10,__import__ + getattr,2488552
HH000703,-10,__import__ + getattr,1966662
HH000703,-10,__import__ + getattr,1806647
HH000703,-10,__import__ + getattr,1407436
HH000703,-10,__import__ + getattr,2798290
HH000703,-10,__import__ + getattr,2205716
HH000703,-10,__import__ + getattr,1464904
HH000703,-10,__import__ + getattr,1867331
HH000703,-10,__import__ + getattr,1290250
HH000703,-10,__import__ + getattr,1474245
HH000703,-10,__import__ + getattr,1755948
HH000703,-10,__import__ + getattr,1465753
HH000703,-10,__import__ + getattr,1198424
HH000703,-10,__import__ + getattr,2855380
HH000703,-10,__import__ + getattr,13213868
HH000703,-10,__import__ + getattr,2483474
HH000703,-10,__import__ + getattr,3366942
HH000703,-10,__import__ + getattr,2278669
HH000703,-10,__import__ + getattr,2531737
HH000703,-10,__import__ + getattr,1377836
HH000703,-10,__import__ + getattr,1460064
HH000703,-10,__import__ + getattr,1337305
HH000703,-10,__import__ + getattr,4428957
HH000703,-10,__import__ + getattr,1920352
HH000703,-10,__import__ + getattr,1876562
HH000703,-10,__import__ + getattr,1863520
HH000703,-10,__import__ + getattr,3283323
HH000703,-10,__import__ + getattr,3013280
HH000703,-10,__import__ + getattr,3207159
HH000703,-10,__import__ + getattr,3017786
HH000703,-10,__import__ + getattr,2606803
HH000703,-10,__import__ + getattr,1211709
HH000703,-10,__import__ + getattr,2790963
HH000703,-10,__import__ + getattr,1539046
HH000703,-10,__import__ + getattr,1474642
HH000703,-10,__import__ + getattr,2246090
HH000703,-10,__import__ + getattr,1366672
HH000703,-10,__import__ + getattr,2727539
HH000703,-10,__import__ + getattr,2964872
HH000703,-10,__import__ + getattr,1444451
HH000703,-10,__import__ + getattr,1384706
HH000703,-10,__import__ + getattr,1222925
HH000703,-10,__import__ + getattr,1067615
HH000703,-10,__import__ + getattr,2006360
HH000703,-10,__import__ + getattr,1190856
HH000703,-10,__import__ + getattr,2860595
HH000703,-10,__import__ + getattr,1249358
HH000703,-10,__import__ + getattr,3440651
HH000703,-10,__import__ + getattr,1630717
HH000703,-10,__import__ + getattr,2624308
HH000703,-10,__import__ + getattr,1316833
HH000703,-10,__import__ + getattr,2678612
HH000703,-10,__import__ + getattr,1780851
HH000703,-10,__import__ + getattr,1890799
HH000703,-10,__import__ + getattr,2101670
HH000703,-10,__import__ + getattr,3500244
HH000703,-10,__import__ + getattr,4120813
HH000703,-10,__import__ + getattr,1518250
HH000703,-10,__import__ + getattr,2733480
HH000703,-10,__import__ + getattr,1123413
HH000703,-10,__import__ + getattr,2699882
HH000703,-10,__import__ + getattr,1577213
HH000703,-10,__import__ + getattr,1319218
HH000703,-10,__import__ + getattr,1980588
HH000703,-10,__import__ + getattr,1720164
HH000703,-10,__import__ + getattr,2168117
HH000703,-10,__import__ + getattr,1799121
HH000703,-10,__import__ + getattr,1599393
HH000703,-10,__import__ + getattr,1603498
HH000703,-10,__import__ + getattr,2096670
HH000703,-10,__import__ + getattr,1606052
HH000703,-10,__import__ + getattr,2456543
HH000703,-10,__import__ + getattr,1268119
HH000703,-10,__import__ + getattr,1138439
HH000703,-10,__import__ + getattr,1045921
HH000703,-10,__import__ + getattr,1287931
HH000703,-10,__import__ + getattr,3025767
HH000703,-10,__import__ + getattr,3042786
HH000703,-10,__import__ + getattr,1194188
HH000703,-10,__import__ + getattr,1536560
HH000703,-10,__import__ + getattr,2232428
HH000703,-10,__import__ + getattr,2933780
HH000703,-10,__import__ + getattr,2501730
HH000703,-10,__import__ + getattr,4058656
HH000703,-10,__import__ + getattr,1738726
HH000703,-10,__import__ + getattr,2571648
HH000703,-10,__import__ + getattr,1130140
HH000703,-10,__import__ + getattr,1669582
HH000703,-10,__import__ + getattr,2467045
HH000703,-10,__import__ + getattr,2246300
HH000703,-10,__import__ + getattr,1828824
HH000703,-10,__import__ + getattr,1675250
HH000703,-10,__import__ + getattr,1813268
HH000703,-10,__import__ + getattr,1854661
HH000703,-10,__import__ + getattr,2802304
HH000703,-10,__import__ + getattr,1534767
HH000703,-10,__import__ + getattr,1358785
HH000703,-10,__import__ + getattr,1576187
HH000703,-10,__import__ + getattr,1338440
HH000703,-10,__import__ + getattr,2249816
HH000703,-10,__import__ + getattr,1395376
HH000703,-10,__import__ + getattr,2686039
HH000703,-10,__import__ + getattr,3527907
HH000703,-10,__import__ + getattr,1546918
HH000703,-10,__import__ + getattr,2014580
HH000703,-10,__import__ + getattr,2813073
HH000703,-10,__import__ + getattr,2257810
HH000703,-10,__import__ + getattr,1524193
HH000703,-10,__import__ + getattr,2685413
HH000703,-10,__import__ + getattr,1987125
HH000703,-10,__import__ + getattr,2027828
HH000703,-10,__import__ + getattr,5407872
HH000703,-10,__import__ + getattr,2755413
HH000703,-10,__import__ + getattr,3265964
HH000703,-10,__import__ + getattr,3103505
HH000703,-10,__import__ + getattr,1787549
HH000703,-10,__import__ + getattr,2461958
HH000703,-10,__import__ + getattr,2606256
HH000703,-10,__import__ + getattr,1774241
HH000703,-10,__import__ + getattr,1676731
HH000703,-10,__import__ + getattr,1976269
HH000703,-10,__import__ + getattr,1417907
HH000703,-10,__import__ + getattr,2938891
HH000703,-10,__import__ + getattr,1681128
HH000703,-10,__import__ + getattr,1569073
HH000703,-10,__import__ + getattr,1206948
HH000703,-10,__import__ + getattr,1961256
HH000703,-10,__import__ + getattr,1491065
HH000703,-10,__import__ + getattr,1865126
HH000703,-10,__import__ + getattr,2572204
HH000703,-10,__import__ + getattr,1271559
HH000703,-10,__import__ + getattr,1411797
HH000703,-10,__import__ + getattr,1280418
HH000703,-10,__import__ + getattr,1434907
HH000703,-10,__import__ + getattr,1358232
HH000703,-10,__import__ + getattr,1618016
HH000703,-10,__import__ + getattr,1738349
HH000703,-10,__import__ + getattr,1663160
HH000703,-10,__import__ + getattr,2844771
HH000703,-10,__import__ + getattr,2400698
HH000703,-10,__import__ + getattr,3487203
HH000703,-10,__import__ + getattr,14957347
HH000703,-10,__import__ + getattr,4313570
HH000703,-10,__import__ + getattr,5828644
HH000703,-10,__import__ + getattr,4118090
HH000703,-10,__import__ + getattr,1966615
HH000703,-10,__import__ + getattr,3284838
HH000703,-10,__import__ + getattr,2323524
HH000703,-10,__import__ + getattr,2750934
HH000703,-10,__import__ + getattr,3834821
HH000703,-10,__import__ + getattr,1535758
HH000703,-10,__import__ + getattr,3339104
HH000703,-10,__import__ + getattr,2012324
HH000703,-10,__import__ + getattr,1589162
HH000703,-10,__import__ + getattr,2374737
HH000703,-10,__import__ + getattr,2076229
HH000703,-10,__import__ + getattr,1498682
HH000703,-10,__import__ + getattr,2475198
HH000703,-10,__import__ + getattr,1912996
HH000703,-10,__import__ + getattr,1389960
HH000703,-10,__import__ + getattr,2354004
HH000703,-10,__import__ + getattr,3312574
HH000703,-10,__import__ + getattr,1280352
HH000703,-10,__import__ + getattr,2925682
HH000703,-10,__import__ + getattr,3437984
HH000703,-10,__import__ + getattr,2211286
HH000703,-10,__import__ + getattr,2800930
HH000703,-10,__import__ + getattr,1630518
HH000703,-10,__import__ + getattr,2061660
HH000703,-10,__import__ + getattr,2213110
HH000703,-10,__import__ + getattr,1781299
HH000703,-10,__import__ + getattr,1955636
HH000703,-10,__import__ + getattr,1733838
HH000703,-10,__import__ + getattr,3848551
HH000703,-10,__import__ + getattr,1785122
HH000703,-10,__import__ + getattr,3876972
HH000703,-10,__import__ + getattr,2397128
HH000703,-10,__import__ + getattr,2042501
HH000703,-10,__import__ + getattr,4003686
HH000703,-10,__import__ + getattr,15537353
HH000703,-10,__import__ + getattr,2220711
HH000703,-10,__import__ + getattr,4585772
HH000703,-10,__import__ + getattr,5564064
HH000703,-10,__import__ + getattr,6467827
HH000703,-10,__import__ + getattr,1999323
HH000703,-10,__import__ + getattr,2845758
HH000703,-10,__import__ + getattr,11241849
HH000703,-10,__import__ + getattr,2834028
HH000703,-10,__import__ + getattr,1889164
HH000703,-10,__import__ + getattr,2162383
HH000703,-10,__import__ + getattr,1681102
HH000703,-10,__import__ + getattr,1800358
HH000703,-10,__import__ + getattr,3367319
HH000703,-10,__import__ + getattr,2229514
HH000703,-10,__import__ + getattr,2820100
HH000703,-10,__import__ + getattr,2224649
HH000703,-10,__import__ + getattr,2328391
HH000703,-10,__import__ + getattr,1998311
HH000703,-10,__import__ + getattr,1345275
HH000703,-10,__import__ + getattr,2594127
HH000703,-10,__import__ + getattr,3623392
HH000703,-10,__import__ + getattr,1892322
HH000703,-10,__import__ + getattr,1517417
HH000703,-10,__import__ + getattr,2217569
HH000703,-10,__import__ + getattr,1607761
HH000703,-10,__import__ + getattr,2402081
HH000703,-10,__import__ + getattr,2277914
HH000703,-10,__import__ + getattr,1955687
HH000703,-10,__import__ + getattr,1162205
HH000703,-10,__import__ + getattr,1391263
HH000703,-10,__import__ + getattr,1249773
HH000703,-10,__import__ + getattr,2246628
HH000703,-10,__import__ + getattr,1133915
HH000703,-10,__import__ + getattr,1426501
HH000703,-10,__import__ + getattr,2368589
HH000703,-10,__import__ + getattr,1282589
HH000703,-10,__import__ + getattr,2663193
HH000703,-10,__import__ + getattr,3845904
HH000703,-10,__import__ + getattr,2039003
HH000703,-10,__import__ + getattr,2045926
HH000703,-10,__import__ + getattr,1480036
HH000703,-10,__import__ + getattr,1445616
HH000703,-10,__import__ + getattr,2706904
HH000703,-10,__import__ + getattr,1357438
HH000703,-10,__import__ + getattr,1684992
HH000703,-10,__import__ + getattr,1543522
HH000703,-10,__import__ + getattr,1887461
HH000703,-10,__import__ + getattr,1517223
HH000703,-10,__import__ + getattr,1499433
HH000703,-10,__import__ + getattr,4215237
HH000703,-10,__import__ + getattr,1129156
HH000703,-10,__import__ + getattr,2330830
HH000703,-10,__import__ + getattr,1359378
HH000703,-10,__import__ + getattr,1310006
HH000703,-10,__import__ + getattr,1513239
HH000703,-10,__import__ + getattr,1650943
HH000703,-10,__import__ + getattr,3542130
HH000703,-10,__import__ + getattr,1471275
HH000703,-10,__import__ + getattr,2478189
HH000703,-10,__import__ + getattr,2313877
HH000703,-10,__import__ + getattr,2170017
HH000703,-10,__import__ + getattr,1366823
HH000703,-10,__import__ + getattr,2666305
HH000703,-10,__import__ + getattr,2140208
HH000703,-10,__import__ + getattr,2201599
HH000703,-10,__import__ + getattr,1888332
HH000703,-10,__import__ + getattr,2862318
HH000703,-10,__import__ + getattr,2249634
HH000703,-10,__import__ + getattr,1791521
HH000703,-10,__import__ + getattr,1445111
HH000703,-10,__import__ + getattr,1785853
HH000703,-10,__import__ + getattr,1854807
HH000703,-10,__import__ + getattr,1466195
HH000703,-10,__import__ + getattr,2937731
HH000703,-10,__import__ + getattr,3886544
HH000703,-10,__import__ + getattr,1746477
HH000703,-10,__import__ + getattr,3678856
HH000703,-10,__import__ + getattr,1607689
HH000703,-10,__import__ + getattr,1462634
HH000703,-10,__import__ + getattr,2019239
HH000703,-10,__import__ + getattr,1586251
HH000703,-10,__import__ + getattr,1382704
HH000703,-10,__import__ + getattr,1224473
